Model,TBS2074B
Firmware Version,v1.31.16

Point Format,Y,,,
Horizontal Units,S,,,
Horizontal Scale,0.4,,,
Sample Interval,0.0032,,,
Filter Frequency,2e+08,,,
Record Length,2000,,,
Gating,0.0% to 100.0%,0.0% to 100.0%,0.0% to 100.0%,0.0% to 100.0%
Probe Attenuation,1,1,1,1
Vertical Units,V,V,V,V
Vertical Offset,0,0,0,0
Vertical Scale,0.002,0.001,2,0.001
Label,,,,
TIME,CH1,CH2,CH3,CH4
-3.200e+00,-9.53674e-11,2e-05,0.68,2.98023e-12
-3.197e+00,-9.53674e-11,0.0001,0.84,2.98023e-12
-3.194e+00,-9.53674e-11,0.00018,1.08,8e-05
-3.190e+00,-9.53674e-11,0.0001,1.24,8e-05
-3.187e+00,-9.53674e-11,0.0001,1.4,2.98023e-12
-3.184e+00,-8.00001e-05,0.0001,1.32,4e-05
-3.181e+00,-8.00001e-05,0.00018,1.16,2.98023e-12
-3.178e+00,-0.00016,0.00014,0.92,-4e-05
-3.174e+00,-0.00016,0.00018,0.68,-8e-05
-3.171e+00,-0.00024,0.00018,0.52,8e-05
-3.168e+00,-0.00016,0.00018,0.36,0.00016
-3.165e+00,-8.00001e-05,0.0001,0.2,-8e-05
-3.162e+00,-0.00016,-6e-05,-0.04,4e-05
-3.158e+00,-9.53674e-11,0.00018,-0.2,-0.0002
-3.155e+00,0.00016,0.00022,-0.44,-0.00012
-3.152e+00,-8.00001e-05,0.00018,-0.6,-4e-05
-3.149e+00,-9.53674e-11,0.00018,-0.84,2.98023e-12
-3.146e+00,-8.00001e-05,0.0001,-1,2.98023e-12
-3.142e+00,-0.00016,0.00014,-1.24,8e-05
-3.139e+00,-0.00016,0.0001,-1.4,4e-05
-3.136e+00,-8.00001e-05,0.00018,-1.56,0.00016
-3.133e+00,-9.53674e-11,0.00014,-1.4,2.98023e-12
-3.130e+00,-0.00016,2e-05,-1.16,-8e-05
-3.126e+00,-9.53674e-11,6e-05,-1,-4e-05
-3.123e+00,-8.00001e-05,6e-05,-0.76,2.98023e-12
-3.120e+00,-8.00001e-05,0.00022,-0.6,2.98023e-12
-3.117e+00,-0.00016,0.00018,-0.36,2.98023e-12
-3.114e+00,-9.53674e-11,0.00018,-0.2,4e-05
-3.110e+00,-0.00016,6e-05,0.04,-0.0002
-3.107e+00,-8.00001e-05,0.00026,0.2,-0.00016
-3.104e+00,7.99999e-05,0.00026,0.44,4e-05
-3.101e+00,-8.00001e-05,0.00014,0.6,0.00012
-3.098e+00,-8.00001e-05,6e-05,0.76,0.0002
-3.094e+00,-9.53674e-11,0.00022,0.92,-8e-05
-3.091e+00,7.99999e-05,6e-05,1.16,-8e-05
-3.088e+00,-9.53674e-11,0.00042,1.4,4e-05
-3.085e+00,-0.00016,0.00022,1.4,4e-05
-3.082e+00,-8.00001e-05,0.00026,1.16,-0.00012
-3.078e+00,-8.00001e-05,-0.0001,1,8e-05
-3.075e+00,7.99999e-05,0.0001,0.84,-0.00012
-3.072e+00,-8.00001e-05,0.00014,0.6,-0.00012
-3.069e+00,-0.00016,0.00014,0.44,-0.00012
-3.066e+00,-8.00001e-05,0.00018,0.2,-4e-05
-3.062e+00,-9.53674e-11,6e-05,0.04,-8e-05
-3.059e+00,-0.00016,0.00018,-0.2,-4e-05
-3.056e+00,-0.00016,0.00018,-0.36,-8e-05
-3.053e+00,-9.53674e-11,0.0001,-0.6,4e-05
-3.050e+00,7.99999e-05,0.00014,-0.76,2.98023e-12
-3.046e+00,-0.00016,0.00022,-1,2.98023e-12
-3.043e+00,7.99999e-05,2e-05,-1.16,-0.00016
-3.040e+00,-0.00016,0.0001,-1.32,-0.00012
-3.037e+00,-8.00001e-05,0.00026,-1.56,-4e-05
-3.034e+00,-8.00001e-05,0.00018,-1.4,-0.00012
-3.030e+00,7.99999e-05,-2e-05,-1.24,-0.00016
-3.027e+00,-8.00001e-05,0.00022,-1,-4e-05
-3.024e+00,-8.00001e-05,0.0001,-0.84,-0.00016
-3.021e+00,-8.00001e-05,0.00018,-0.6,-0.00012
-3.018e+00,-8.00001e-05,0.00022,-0.44,4e-05
-3.014e+00,-8.00001e-05,0.00034,-0.2,2.98023e-12
-3.011e+00,-9.53674e-11,-2e-05,-0.04,-4e-05
-3.008e+00,-9.53674e-11,6e-05,0.12,4e-05
-3.005e+00,-8.00001e-05,0.00026,0.36,-0.00012
-3.002e+00,-8.00001e-05,0.00014,0.52,-4e-05
-2.998e+00,-9.53674e-11,2e-05,0.76,4e-05
-2.995e+00,-9.53674e-11,-2e-05,0.92,2.98023e-12
-2.992e+00,-9.53674e-11,0.00014,1.08,4e-05
-2.989e+00,-8.00001e-05,0.00018,1.32,-0.00012
-2.986e+00,-9.53674e-11,6e-05,1.48,2.98023e-12
-2.982e+00,-0.00016,0.00014,1.24,0.00012
-2.979e+00,-0.00024,0.00018,1,4e-05
-2.976e+00,-9.53674e-11,0.00018,0.84,8e-05
-2.973e+00,-0.00016,0.00022,0.68,2.98023e-12
-2.970e+00,-9.53674e-11,0.0001,0.44,8e-05
-2.966e+00,-9.53674e-11,0.00018,0.2,4e-05
-2.963e+00,-9.53674e-11,0.0001,0.04,4e-05
-2.960e+00,-8.00001e-05,0.00022,-0.12,4e-05
-2.957e+00,-9.53674e-11,0.0003,-0.28,4e-05
-2.954e+00,-0.00016,6e-05,-0.52,4e-05
-2.950e+00,-8.00001e-05,0.00014,-0.68,2.98023e-12
-2.947e+00,-9.53674e-11,0.00026,-0.92,2.98023e-12
-2.944e+00,-8.00001e-05,6e-05,-1.16,0.00012
-2.941e+00,-8.00001e-05,0.00026,-1.4,2.98023e-12
-2.938e+00,7.99999e-05,6e-05,-1.48,4e-05
-2.934e+00,-9.53674e-11,0.00018,-1.48,-0.00016
-2.931e+00,-8.00001e-05,6e-05,-1.32,-0.00016
-2.928e+00,-9.53674e-11,2e-05,-1.08,-8e-05
-2.925e+00,-9.53674e-11,0.00022,-0.84,2.98023e-12
-2.922e+00,-8.00001e-05,0.00022,-0.68,-4e-05
-2.918e+00,-8.00001e-05,0.0001,-0.44,2.98023e-12
-2.915e+00,-0.00016,0.00038,-0.28,-8e-05
-2.912e+00,-0.00016,6e-05,-0.12,0.00012
-2.909e+00,-9.53674e-11,0.00034,0.12,8e-05
-2.906e+00,7.99999e-05,2e-05,0.28,8e-05
-2.902e+00,-9.53674e-11,6e-05,0.52,8e-05
-2.899e+00,-9.53674e-11,2e-05,0.68,-4e-05
-2.896e+00,-8.00001e-05,0.00018,0.84,4e-05
-2.893e+00,-9.53674e-11,6e-05,1.08,2.98023e-12
-2.890e+00,-8.00001e-05,0.00014,1.32,0.00012
-2.886e+00,-8.00001e-05,6e-05,1.48,-4e-05
-2.883e+00,-9.53674e-11,-2e-05,1.24,4e-05
-2.880e+00,-9.53674e-11,6e-05,1.08,-0.00012
-2.877e+00,-8.00001e-05,0.00014,0.92,8e-05
-2.874e+00,-0.00016,0.00026,0.68,-4e-05
-2.870e+00,-8.00001e-05,0.00018,0.52,4e-05
-2.867e+00,-8.00001e-05,0.0001,0.28,-4e-05
-2.864e+00,7.99999e-05,0.00014,0.12,4e-05
-2.861e+00,-9.53674e-11,0.0001,-0.12,2.98023e-12
-2.858e+00,-9.53674e-11,0.0001,-0.28,2.98023e-12
-2.854e+00,-8.00001e-05,0.00026,-0.44,-0.00012
-2.851e+00,-9.53674e-11,0.00018,-0.68,2.98023e-12
-2.848e+00,-0.00024,-6e-05,-0.84,-0.00012
-2.845e+00,-0.00024,0.00014,-1.08,4e-05
-2.842e+00,-0.00016,0.00018,-1.24,-4e-05
-2.838e+00,-8.00001e-05,2e-05,-1.48,2.98023e-12
-2.835e+00,-0.00024,6e-05,-1.48,2.98023e-12
-2.832e+00,-8.00001e-05,0.00014,-1.32,-8e-05
-2.829e+00,-8.00001e-05,0.00014,-1.16,-4e-05
-2.826e+00,-8.00001e-05,6e-05,-0.92,8e-05
-2.822e+00,-8.00001e-05,0.0001,-0.76,-0.00012
-2.819e+00,-9.53674e-11,6e-05,-0.52,-0.00012
-2.816e+00,-9.53674e-11,-6e-05,-0.36,4e-05
-2.813e+00,-0.00016,-0.0001,-0.12,-8e-05
-2.810e+00,-8.00001e-05,-2e-05,0.04,-8e-05
-2.806e+00,-8.00001e-05,0.00014,0.2,-4e-05
-2.803e+00,7.99999e-05,0.0001,0.44,2.98023e-12
-2.800e+00,-9.53674e-11,6e-05,0.68,4e-05
-2.797e+00,-9.53674e-11,0.00018,0.84,0.00012
-2.794e+00,-9.53674e-11,2e-05,1,-8e-05
-2.790e+00,-0.00016,2e-05,1.16,-8e-05
-2.787e+00,-8.00001e-05,0.0001,1.4,4e-05
-2.784e+00,-8.00001e-05,-0.00018,1.32,2.98023e-12
-2.781e+00,7.99999e-05,6e-05,1.16,4e-05
-2.778e+00,7.99999e-05,6e-05,0.92,4e-05
-2.774e+00,-9.53674e-11,0.0003,0.68,0.00012
-2.771e+00,-0.00024,0.00018,0.52,-4e-05
-2.768e+00,-0.00016,0.00022,0.36,-8e-05
-2.765e+00,-9.53674e-11,0.00018,0.2,-0.00016
-2.762e+00,-8.00001e-05,2e-05,-0.04,8e-05
-2.758e+00,-0.00016,0.00022,-0.2,-0.00012
-2.755e+00,-9.53674e-11,0.00018,-0.44,-0.00012
-2.752e+00,-8.00001e-05,6e-05,-0.6,2.98023e-12
-2.749e+00,-0.00016,-2e-05,-0.84,8e-05
-2.746e+00,-0.00016,-2e-05,-1,2.98023e-12
-2.742e+00,-0.00016,0.0001,-1.24,4e-05
-2.739e+00,-9.53674e-11,0.00022,-1.4,-0.00012
-2.736e+00,-0.00016,6e-05,-1.56,2.98023e-12
-2.733e+00,-0.00016,-0.0001,-1.4,-4e-05
-2.730e+00,0.00016,2e-05,-1.16,2.98023e-12
-2.726e+00,-8.00001e-05,6e-05,-1,-0.00016
-2.723e+00,-9.53674e-11,2e-05,-0.76,2.98023e-12
-2.720e+00,-8.00001e-05,6e-05,-0.6,0.00012
-2.717e+00,7.99999e-05,0.0001,-0.36,8e-05
-2.714e+00,-8.00001e-05,0.0001,-0.2,4e-05
-2.710e+00,-8.00001e-05,0.0001,-0.04,2.98023e-12
-2.707e+00,-8.00001e-05,0.0001,0.2,-0.0002
-2.704e+00,-0.00016,-0.0001,0.36,2.98023e-12
-2.701e+00,-9.53674e-11,-2e-05,0.6,0.00012
-2.698e+00,-0.00016,-6e-05,0.76,4e-05
-2.694e+00,-8.00001e-05,2e-05,1,-4e-05
-2.691e+00,-8.00001e-05,0.00018,1.16,0.00012
-2.688e+00,0.00016,0.00022,1.4,4e-05
-2.685e+00,-8.00001e-05,0.00014,1.4,2.98023e-12
-2.682e+00,-9.53674e-11,6e-05,1.24,0.00012
-2.678e+00,-8.00001e-05,0.00018,1,0.00012
-2.675e+00,-0.00016,0.0001,0.84,2.98023e-12
-2.672e+00,-0.00024,0.00018,0.6,-4e-05
-2.669e+00,-8.00001e-05,0.00014,0.44,-4e-05
-2.666e+00,-9.53674e-11,2e-05,0.2,-0.00012
-2.662e+00,-9.53674e-11,2e-05,0.04,0.00016
-2.659e+00,-0.00016,-0.0001,-0.12,4e-05
-2.656e+00,-9.53674e-11,0.00018,-0.36,-4e-05
-2.653e+00,-8.00001e-05,2e-05,-0.6,-4e-05
-2.650e+00,7.99999e-05,-2e-05,-0.84,-0.0002
-2.646e+00,-9.53674e-11,6e-05,-1,0.00012
-2.643e+00,-0.00016,2e-05,-1.24,2.98023e-12
-2.640e+00,-8.00001e-05,0.0001,-1.32,-0.00012
-2.637e+00,-0.00016,0.0001,-1.56,4e-05
-2.634e+00,-9.53674e-11,6e-05,-1.4,4e-05
-2.630e+00,-0.00016,2e-05,-1.24,4e-05
-2.627e+00,-8.00001e-05,-6e-05,-1.08,2.98023e-12
-2.624e+00,7.99999e-05,0.0001,-0.84,2.98023e-12
-2.621e+00,-9.53674e-11,0.00018,-0.68,8e-05
-2.618e+00,-0.00016,0.0001,-0.44,-0.0002
-2.614e+00,-9.53674e-11,0.0001,-0.28,8e-05
-2.611e+00,-9.53674e-11,2e-05,-0.04,-0.0002
-2.608e+00,-8.00001e-05,0.00014,0.12,8e-05
-2.605e+00,-8.00001e-05,6e-05,0.36,8e-05
-2.602e+00,-9.53674e-11,0.00014,0.52,4e-05
-2.598e+00,-0.00016,-2e-05,0.76,-4e-05
-2.595e+00,-8.00001e-05,6e-05,0.92,2.98023e-12
-2.592e+00,-8.00001e-05,0.0001,1.08,-8e-05
-2.589e+00,7.99999e-05,0.0001,1.32,-4e-05
-2.586e+00,-9.53674e-11,0.00014,1.48,4e-05
-2.582e+00,-8.00001e-05,0.00014,1.24,8e-05
-2.579e+00,-0.00016,0.00018,1.08,0.00012
-2.576e+00,-0.00016,2e-05,0.84,2.98023e-12
-2.573e+00,-8.00001e-05,-6e-05,0.68,8e-05
-2.570e+00,-0.00016,0.0001,0.44,-8e-05
-2.566e+00,-0.00016,0.00022,0.28,-4e-05
-2.563e+00,-0.00016,0.00014,0.04,-0.00012
-2.560e+00,-9.53674e-11,0.0001,-0.12,-0.00016
-2.557e+00,-8.00001e-05,0.00018,-0.36,0.00012
-2.554e+00,-8.00001e-05,6e-05,-0.52,4e-05
-2.550e+00,-9.53674e-11,2e-05,-0.76,4e-05
-2.547e+00,-0.00016,6e-05,-0.92,-0.00016
-2.544e+00,-0.00016,0.00018,-1.16,-0.00012
-2.541e+00,-8.00001e-05,0.0001,-1.32,-0.00012
-2.538e+00,-9.53674e-11,-0.0001,-1.48,-8e-05
-2.534e+00,-0.00016,-2e-05,-1.48,4e-05
-2.531e+00,-9.53674e-11,0.00022,-1.24,4e-05
-2.528e+00,-0.00016,-2e-05,-1.08,4e-05
-2.525e+00,-0.00024,0.00026,-0.92,2.98023e-12
-2.522e+00,-0.00016,0.00014,-0.76,2.98023e-12
-2.518e+00,-9.53674e-11,-0.0001,-0.44,4e-05
-2.515e+00,-8.00001e-05,2e-05,-0.28,-8e-05
-2.512e+00,-9.53674e-11,2e-05,-0.04,-0.00012
-2.509e+00,-9.53674e-11,0.00018,0.12,-4e-05
-2.506e+00,-9.53674e-11,-6e-05,0.28,4e-05
-2.502e+00,-8.00001e-05,0.0001,0.52,2.98023e-12
-2.499e+00,-8.00001e-05,-0.00014,0.68,2.98023e-12
-2.496e+00,-9.53674e-11,6e-05,0.84,8e-05
-2.493e+00,-8.00001e-05,-6e-05,1.08,2.98023e-12
-2.490e+00,-0.00016,2e-05,1.24,-4e-05
-2.486e+00,-9.53674e-11,0.00014,1.4,0.00012
-2.483e+00,-9.53674e-11,-6e-05,1.32,0.00012
-2.480e+00,-0.00016,6e-05,1.08,4e-05
-2.477e+00,-8.00001e-05,-0.0001,0.92,8e-05
-2.474e+00,-9.53674e-11,6e-05,0.68,-0.0002
-2.470e+00,-9.53674e-11,0.00026,0.52,-8e-05
-2.467e+00,-8.00001e-05,-6e-05,0.28,2.98023e-12
-2.464e+00,-9.53674e-11,0.0001,0.12,-0.00016
-2.461e+00,-8.00001e-05,0.00014,-0.12,8e-05
-2.458e+00,-9.53674e-11,0.0001,-0.28,-0.00012
-2.454e+00,-9.53674e-11,0.0001,-0.44,-8e-05
-2.451e+00,-8.00001e-05,2e-05,-0.68,0.00012
-2.448e+00,-0.00016,2e-05,-0.84,-4e-05
-2.445e+00,-9.53674e-11,6e-05,-1.08,2.98023e-12
-2.442e+00,7.99999e-05,6e-05,-1.24,4e-05
-2.438e+00,-0.00016,0.00014,-1.4,-4e-05
-2.435e+00,-0.00016,-0.0001,-1.48,-8e-05
-2.432e+00,-9.53674e-11,0.00014,-1.32,2.98023e-12
-2.429e+00,-0.00024,6e-05,-1.16,-8e-05
-2.426e+00,-0.00016,0.0001,-0.92,4e-05
-2.422e+00,-8.00001e-05,0.00014,-0.76,2.98023e-12
-2.419e+00,-8.00001e-05,6e-05,-0.52,2.98023e-12
-2.416e+00,7.99999e-05,0.0001,-0.28,-0.00016
-2.413e+00,-0.00024,-6e-05,-0.12,0.00012
-2.410e+00,-9.53674e-11,2e-05,0.04,-4e-05
-2.406e+00,-9.53674e-11,0.00018,0.2,-8e-05
-2.403e+00,-8.00001e-05,6e-05,0.44,-4e-05
-2.400e+00,-0.00016,0.00022,0.6,-0.00012
-2.397e+00,-9.53674e-11,0.00014,0.84,-8e-05
-2.394e+00,-8.00001e-05,0.0001,1,4e-05
-2.390e+00,-9.53674e-11,0.00014,1.24,-8e-05
-2.387e+00,-8.00001e-05,0.00014,1.4,-8e-05
-2.384e+00,-8.00001e-05,-2e-05,1.32,8e-05
-2.381e+00,-0.00016,2e-05,1.16,-4e-05
-2.378e+00,-8.00001e-05,-6e-05,0.92,-0.00012
-2.374e+00,-9.53674e-11,2e-05,0.76,0.00012
-2.371e+00,-9.53674e-11,0.0001,0.52,2.98023e-12
-2.368e+00,-0.00016,6e-05,0.36,-0.0002
-2.365e+00,-8.00001e-05,6e-05,0.2,-4e-05
-2.362e+00,-8.00001e-05,0.00022,-0.12,2.98023e-12
-2.358e+00,-0.00024,-2e-05,-0.2,-8e-05
-2.355e+00,-8.00001e-05,0.00018,-0.44,-8e-05
-2.352e+00,7.99999e-05,0.0001,-0.6,-4e-05
-2.349e+00,-9.53674e-11,-2e-05,-0.84,-4e-05
-2.346e+00,-9.53674e-11,0.00018,-1,-0.00012
-2.342e+00,7.99999e-05,0.00018,-1.24,4e-05
-2.339e+00,-8.00001e-05,0.00014,-1.4,-0.00016
-2.336e+00,7.99999e-05,0.00018,-1.56,2.98023e-12
-2.333e+00,-0.00016,0.0001,-1.4,0.00012
-2.330e+00,-0.00016,-0.00014,-1.16,0.00016
-2.326e+00,-8.00001e-05,-2e-05,-1,-8e-05
-2.323e+00,-8.00001e-05,0.00014,-0.76,-8e-05
-2.320e+00,-9.53674e-11,0.00022,-0.6,-4e-05
-2.317e+00,-9.53674e-11,0.00018,-0.36,-8e-05
-2.314e+00,-9.53674e-11,0.00014,-0.2,-0.00016
-2.310e+00,-9.53674e-11,0.00014,0.04,-4e-05
-2.307e+00,-0.00016,0.0001,0.2,-8e-05
-2.304e+00,-0.00016,0.00014,0.44,-4e-05
-2.301e+00,-8.00001e-05,-2e-05,0.6,-8e-05
-2.298e+00,-0.00024,0.00014,0.76,-0.00012
-2.294e+00,-9.53674e-11,0.00026,0.92,-0.00012
-2.291e+00,-9.53674e-11,0.00014,1.16,-8e-05
-2.288e+00,-0.00016,0.0001,1.4,-8e-05
-2.285e+00,-8.00001e-05,0.0001,1.4,-4e-05
-2.282e+00,-8.00001e-05,0.00018,1.16,-0.00012
-2.278e+00,-0.00016,2e-05,1,-4e-05
-2.275e+00,-0.00016,6e-05,0.84,0.00016
-2.272e+00,-8.00001e-05,6e-05,0.6,-8e-05
-2.269e+00,7.99999e-05,0.0003,0.44,2.98023e-12
-2.266e+00,-0.00016,2e-05,0.2,2.98023e-12
-2.262e+00,-8.00001e-05,0.00014,0.04,-0.00016
-2.259e+00,-0.00016,6e-05,-0.2,-4e-05
-2.256e+00,-8.00001e-05,6e-05,-0.36,2.98023e-12
-2.253e+00,-9.53674e-11,-2e-05,-0.6,-4e-05
-2.250e+00,-0.00016,0.0001,-0.76,-4e-05
-2.246e+00,-0.00016,-2e-05,-0.92,8e-05
-2.243e+00,-0.00024,0.0001,-1.16,-8e-05
-2.240e+00,-8.00001e-05,0.0001,-1.32,0.00012
-2.237e+00,-9.53674e-11,0.00014,-1.56,8e-05
-2.234e+00,-9.53674e-11,-2e-05,-1.4,0.00012
-2.230e+00,-9.53674e-11,-6e-05,-1.24,-0.00016
-2.227e+00,-9.53674e-11,2e-05,-1.08,8e-05
-2.224e+00,-0.00016,0.00022,-0.84,8e-05
-2.221e+00,-8.00001e-05,0.00026,-0.6,8e-05
-2.218e+00,-8.00001e-05,2e-05,-0.44,2.98023e-12
-2.214e+00,-8.00001e-05,0.00014,-0.28,-8e-05
-2.211e+00,-9.53674e-11,0.00022,-0.04,-0.00016
-2.208e+00,-9.53674e-11,2e-05,0.12,2.98023e-12
-2.205e+00,-8.00001e-05,0.00014,0.36,-4e-05
-2.202e+00,-8.00001e-05,0.00026,0.52,4e-05
-2.198e+00,-8.00001e-05,-2e-05,0.68,-4e-05
-2.195e+00,-0.00024,2e-05,0.92,4e-05
-2.192e+00,-0.00016,0.00014,1.08,-0.0002
-2.189e+00,-8.00001e-05,0.0001,1.32,2.98023e-12
-2.186e+00,-8.00001e-05,6e-05,1.48,2.98023e-12
-2.182e+00,-9.53674e-11,0.00018,1.24,0.00024
-2.179e+00,-8.00001e-05,2e-05,1.08,-4e-05
-2.176e+00,-0.00016,2e-05,0.84,8e-05
-2.173e+00,-0.00016,2e-05,0.68,-0.00016
-2.170e+00,-0.00016,0.0001,0.44,-0.00016
-2.166e+00,7.99999e-05,0.0001,0.28,4e-05
-2.163e+00,-0.00016,-6e-05,0.04,-4e-05
-2.160e+00,-0.00016,6e-05,-0.12,-8e-05
-2.157e+00,-8.00001e-05,-2e-05,-0.28,-8e-05
-2.154e+00,-9.53674e-11,0.00022,-0.52,-4e-05
-2.150e+00,-9.53674e-11,-2e-05,-0.68,-0.00016
-2.147e+00,-9.53674e-11,0.0001,-0.92,-8e-05
-2.144e+00,-9.53674e-11,0.0001,-1.08,2.98023e-12
-2.141e+00,-9.53674e-11,0.00014,-1.32,4e-05
-2.138e+00,-9.53674e-11,0.00022,-1.48,4e-05
-2.134e+00,-8.00001e-05,0.00014,-1.48,-4e-05
-2.131e+00,-0.00016,2e-05,-1.24,-0.00012
-2.128e+00,-0.00016,0.00014,-1.08,-4e-05
-2.125e+00,-8.00001e-05,-2e-05,-0.84,0.00016
-2.122e+00,-8.00001e-05,0.00034,-0.68,-0.00012
-2.118e+00,-0.00016,0.0001,-0.52,-8e-05
-2.115e+00,-8.00001e-05,0.00026,-0.36,2.98023e-12
-2.112e+00,-9.53674e-11,-0.00014,-0.04,2.98023e-12
-2.109e+00,-8.00001e-05,2e-05,0.12,2.98023e-12
-2.106e+00,-9.53674e-11,6e-05,0.28,-4e-05
-2.102e+00,-8.00001e-05,0.00014,0.52,4e-05
-2.099e+00,-8.00001e-05,-6e-05,0.68,-0.00012
-2.096e+00,-8.00001e-05,2e-05,0.92,-0.00012
-2.093e+00,-8.00001e-05,0.0001,1.08,2.98023e-12
-2.090e+00,-0.00016,0.00018,1.24,8e-05
-2.086e+00,-8.00001e-05,0.00026,1.48,0.00016
-2.083e+00,-8.00001e-05,0.0001,1.24,-0.00012
-2.080e+00,-0.00016,-0.0001,1.08,-0.00012
-2.077e+00,-8.00001e-05,0.00018,0.92,0.00012
-2.074e+00,-8.00001e-05,6e-05,0.68,-8e-05
-2.070e+00,-0.00016,-2e-05,0.52,2.98023e-12
-2.067e+00,-0.00032,0.00014,0.28,4e-05
-2.064e+00,-0.00016,2e-05,0.12,2.98023e-12
-2.061e+00,-8.00001e-05,0.0001,-0.04,-0.00012
-2.058e+00,-9.53674e-11,0.00014,-0.28,-0.00016
-2.054e+00,-8.00001e-05,0.0001,-0.44,4e-05
-2.051e+00,-9.53674e-11,6e-05,-0.68,2.98023e-12
-2.048e+00,7.99999e-05,6e-05,-0.84,2.98023e-12
-2.045e+00,-8.00001e-05,0.0001,-1.08,-0.00016
-2.042e+00,-8.00001e-05,0.00022,-1.24,8e-05
-2.038e+00,-8.00001e-05,0.00018,-1.48,2.98023e-12
-2.035e+00,-9.53674e-11,0.00014,-1.48,-0.00012
-2.032e+00,-0.00024,0.00014,-1.32,-8e-05
-2.029e+00,-8.00001e-05,2e-05,-1.16,8e-05
-2.026e+00,0.00016,0.0001,-0.92,8e-05
-2.022e+00,-9.53674e-11,6e-05,-0.76,-0.00016
-2.019e+00,-8.00001e-05,0.00022,-0.52,-8e-05
-2.016e+00,-9.53674e-11,-2e-05,-0.36,4e-05
-2.013e+00,-8.00001e-05,6e-05,-0.12,8e-05
-2.010e+00,-0.00032,6e-05,0.04,0.00012
-2.006e+00,-8.00001e-05,0.00018,0.28,2.98023e-12
-2.003e+00,-9.53674e-11,0.00018,0.44,4e-05
-2.000e+00,-9.53674e-11,-2e-05,0.6,4e-05
-1.997e+00,7.99999e-05,2e-05,0.84,-4e-05
-1.994e+00,-0.00016,0.00018,1,-0.00016
-1.990e+00,-8.00001e-05,0.00026,1.24,4e-05
-1.987e+00,-0.00016,0.00014,1.4,8e-05
-1.984e+00,-9.53674e-11,-2e-05,1.32,0.00016
-1.981e+00,-8.00001e-05,6e-05,1.16,2.98023e-12
-1.978e+00,-8.00001e-05,2e-05,0.92,4e-05
-1.974e+00,-9.53674e-11,2e-05,0.76,0.00016
-1.971e+00,-9.53674e-11,0.00018,0.52,-0.0002
-1.968e+00,-0.00016,0.00018,0.36,-4e-05
-1.965e+00,-9.53674e-11,6e-05,0.2,-4e-05
-1.962e+00,-0.00016,2e-05,-0.04,0.00012
-1.958e+00,-0.00016,0.0001,-0.2,8e-05
-1.955e+00,-0.00016,0.00014,-0.44,4e-05
-1.952e+00,-0.00032,-2e-05,-0.6,-0.00016
-1.949e+00,-0.00016,0.00014,-0.84,0.0002
-1.946e+00,-0.00016,2e-05,-1.08,-8e-05
-1.942e+00,-9.53674e-11,-6e-05,-1.24,-4e-05
-1.939e+00,-0.00016,-2e-05,-1.4,-4e-05
-1.936e+00,-0.00016,6e-05,-1.56,4e-05
-1.933e+00,-8.00001e-05,0.00014,-1.32,2.98023e-12
-1.930e+00,7.99999e-05,-6e-05,-1.16,-8e-05
-1.926e+00,-9.53674e-11,-6e-05,-1,2.98023e-12
-1.923e+00,-8.00001e-05,-2e-05,-0.76,4e-05
-1.920e+00,-9.53674e-11,0.00022,-0.6,-0.00012
-1.917e+00,-9.53674e-11,6e-05,-0.36,-8e-05
-1.914e+00,-8.00001e-05,-2e-05,-0.2,2.98023e-12
-1.910e+00,-9.53674e-11,0.0001,-0.04,2.98023e-12
-1.907e+00,-9.53674e-11,0.00034,0.2,-8e-05
-1.904e+00,-0.00016,0.00018,0.36,4e-05
-1.901e+00,-9.53674e-11,0.00026,0.6,2.98023e-12
-1.898e+00,-0.00032,2e-05,0.76,-8e-05
-1.894e+00,-0.00016,6e-05,0.92,2.98023e-12
-1.891e+00,-8.00001e-05,0.00022,1.16,-8e-05
-1.888e+00,-8.00001e-05,0.0003,1.4,-8e-05
-1.885e+00,-8.00001e-05,6e-05,1.4,2.98023e-12
-1.882e+00,-0.00016,2e-05,1.16,-0.00012
-1.878e+00,-0.00016,0.0001,1,-0.0002
-1.875e+00,-9.53674e-11,0.00014,0.76,2.98023e-12
-1.872e+00,-0.00024,0.0001,0.6,-8e-05
-1.869e+00,0.00024,0.00022,0.36,-4e-05
-1.866e+00,-9.53674e-11,0.00018,0.2,-4e-05
-1.862e+00,-0.00016,-0.0001,0.04,0.00016
-1.859e+00,-0.00016,0.0001,-0.12,0.00012
-1.856e+00,7.99999e-05,0.00034,-0.36,-0.00012
-1.853e+00,-0.00016,0.00022,-0.6,-8e-05
-1.850e+00,-8.00001e-05,6e-05,-0.76,0.00016
-1.846e+00,-8.00001e-05,2e-05,-0.92,-8e-05
-1.843e+00,-8.00001e-05,0.0001,-1.16,2.98023e-12
-1.840e+00,-9.53674e-11,0.00014,-1.32,-4e-05
-1.837e+00,-8.00001e-05,0.00026,-1.56,2.98023e-12
-1.834e+00,-8.00001e-05,6e-05,-1.4,-4e-05
-1.830e+00,-0.00016,2e-05,-1.24,-8e-05
-1.827e+00,-8.00001e-05,-0.0001,-1.08,-4e-05
-1.824e+00,-8.00001e-05,0.00026,-0.84,0.0002
-1.821e+00,-9.53674e-11,0.00026,-0.68,2.98023e-12
-1.818e+00,-0.00016,2e-05,-0.44,2.98023e-12
-1.814e+00,-0.00016,0.00014,-0.2,4e-05
-1.811e+00,-0.00016,6e-05,-0.04,2.98023e-12
-1.808e+00,-0.00016,0.0001,0.12,2.98023e-12
-1.805e+00,-0.00016,0.00018,0.36,-4e-05
-1.802e+00,-8.00001e-05,6e-05,0.52,-4e-05
-1.798e+00,-0.00016,-2e-05,0.68,-4e-05
-1.795e+00,-0.00016,-2e-05,0.92,-8e-05
-1.792e+00,-0.00024,6e-05,1.16,-4e-05
-1.789e+00,-9.53674e-11,0.0001,1.32,8e-05
-1.786e+00,-9.53674e-11,0.00022,1.4,0.00012
-1.782e+00,-9.53674e-11,-6e-05,1.24,-4e-05
-1.779e+00,-9.53674e-11,0.0001,1.08,-8e-05
-1.776e+00,-8.00001e-05,6e-05,0.84,4e-05
-1.773e+00,-8.00001e-05,0.00026,0.68,0.00012
-1.770e+00,-8.00001e-05,2e-05,0.44,-8e-05
-1.766e+00,-0.00024,2e-05,0.28,-0.00012
-1.763e+00,-0.00024,0.00018,0.12,-4e-05
-1.760e+00,7.99999e-05,-2e-05,-0.12,2.98023e-12
-1.757e+00,-0.00016,0.00022,-0.36,2.98023e-12
-1.754e+00,-8.00001e-05,0.0001,-0.52,2.98023e-12
-1.750e+00,-9.53674e-11,0.00014,-0.68,-4e-05
-1.747e+00,-8.00001e-05,2e-05,-0.92,4e-05
-1.744e+00,-0.00016,0.00022,-1.08,-4e-05
-1.741e+00,-8.00001e-05,-2e-05,-1.32,4e-05
-1.738e+00,-8.00001e-05,0.00022,-1.48,-0.00016
-1.734e+00,-9.53674e-11,0.0001,-1.48,8e-05
-1.731e+00,-9.53674e-11,6e-05,-1.24,4e-05
-1.728e+00,-0.00016,6e-05,-1.08,-8e-05
-1.725e+00,-8.00001e-05,0.00014,-0.84,-0.00016
-1.722e+00,-0.00016,0.00034,-0.68,4e-05
-1.718e+00,-0.00016,0.0001,-0.52,4e-05
-1.715e+00,-9.53674e-11,0.00018,-0.36,-0.00012
-1.712e+00,-0.00024,0.00014,-0.12,2.98023e-12
-1.709e+00,-0.00016,0.0003,0.12,-0.00016
-1.706e+00,-0.00016,6e-05,0.28,8e-05
-1.702e+00,7.99999e-05,2e-05,0.52,0.00016
-1.699e+00,-9.53674e-11,6e-05,0.68,2.98023e-12
-1.696e+00,7.99999e-05,-2e-05,0.92,-8e-05
-1.693e+00,-9.53674e-11,0.0001,1.08,-4e-05
-1.690e+00,-0.00016,-6e-05,1.32,8e-05
-1.686e+00,-0.00016,6e-05,1.48,0.00012
-1.683e+00,-8.00001e-05,0.0001,1.32,-8e-05
-1.680e+00,-8.00001e-05,0.00014,1.08,-0.00016
-1.677e+00,-9.53674e-11,2e-05,0.84,2.98023e-12
-1.674e+00,-9.53674e-11,2e-05,0.76,2.98023e-12
-1.670e+00,-0.00016,0.00026,0.52,2.98023e-12
-1.667e+00,-8.00001e-05,0.00018,0.28,-0.0002
-1.664e+00,-0.00016,0.00014,0.12,4e-05
-1.661e+00,-8.00001e-05,0.0001,-0.04,8e-05
-1.658e+00,-0.00016,0.00018,-0.28,8e-05
-1.654e+00,-9.53674e-11,-2e-05,-0.52,-0.0002
-1.651e+00,-8.00001e-05,0.0001,-0.68,0.00012
-1.648e+00,-0.00016,2e-05,-0.84,2.98023e-12
-1.645e+00,-8.00001e-05,0.00018,-1.08,-4e-05
-1.642e+00,-8.00001e-05,0.00022,-1.24,-4e-05
-1.638e+00,-8.00001e-05,-6e-05,-1.4,-0.00012
-1.635e+00,-8.00001e-05,0.00014,-1.48,-0.0002
-1.632e+00,-0.00016,6e-05,-1.32,-8e-05
-1.629e+00,-0.00016,2e-05,-1.08,4e-05
-1.626e+00,7.99999e-05,6e-05,-0.92,2.98023e-12
-1.622e+00,-0.00016,0.0001,-0.68,4e-05
-1.619e+00,7.99999e-05,6e-05,-0.52,2.98023e-12
-1.616e+00,-8.00001e-05,0.00018,-0.36,-8e-05
-1.613e+00,-9.53674e-11,0.00018,-0.12,-8e-05
-1.610e+00,-9.53674e-11,0.00022,0.04,-4e-05
-1.606e+00,-9.53674e-11,6e-05,0.28,-4e-05
-1.603e+00,-8.00001e-05,0.00022,0.44,-8e-05
-1.600e+00,-8.00001e-05,0.00026,0.68,8e-05
-1.597e+00,-0.00024,0.0001,0.84,-4e-05
-1.594e+00,-8.00001e-05,0.00014,1,8e-05
-1.590e+00,-9.53674e-11,0.0001,1.24,8e-05
-1.587e+00,-0.00032,0.00014,1.4,4e-05
-1.584e+00,-8.00001e-05,-2e-05,1.32,0.0002
-1.581e+00,-8.00001e-05,0.0001,1.16,0.00016
-1.578e+00,-9.53674e-11,0.00014,0.92,4e-05
-1.574e+00,-0.00016,-2e-05,0.76,-4e-05
-1.571e+00,-9.53674e-11,0.00022,0.52,-4e-05
-1.568e+00,-9.53674e-11,0.0001,0.36,2.98023e-12
-1.565e+00,-9.53674e-11,2e-05,0.2,0.00012
-1.562e+00,-0.00024,0.00018,-0.04,-0.00012
-1.558e+00,-0.00016,0.0001,-0.2,-0.00016
-1.555e+00,-8.00001e-05,0.0001,-0.52,-0.00016
-1.552e+00,7.99999e-05,0.00022,-0.6,0.00012
-1.549e+00,-9.53674e-11,2e-05,-0.84,4e-05
-1.546e+00,-9.53674e-11,6e-05,-1,4e-05
-1.542e+00,-8.00001e-05,0.00022,-1.24,8e-05
-1.539e+00,-8.00001e-05,0.00018,-1.4,-8e-05
-1.536e+00,-9.53674e-11,0.00022,-1.56,-4e-05
-1.533e+00,-0.00016,0.00026,-1.4,0.00016
-1.530e+00,-8.00001e-05,0.0001,-1.16,4e-05
-1.526e+00,-0.00016,2e-05,-1,2.98023e-12
-1.523e+00,-8.00001e-05,0.00014,-0.84,2.98023e-12
-1.520e+00,-8.00001e-05,0.00018,-0.6,-4e-05
-1.517e+00,-0.00032,0.00014,-0.44,-8e-05
-1.514e+00,-0.00016,0.0001,-0.2,-4e-05
-1.510e+00,-8.00001e-05,-2e-05,-0.04,2.98023e-12
-1.507e+00,-8.00001e-05,0.0003,0.2,-4e-05
-1.504e+00,-9.53674e-11,0.00014,0.44,-4e-05
-1.501e+00,-9.53674e-11,0.00022,0.6,2.98023e-12
-1.498e+00,-0.00016,0.0003,0.76,-0.00012
-1.494e+00,-0.00016,0.00022,1,4e-05
-1.491e+00,-8.00001e-05,0.00022,1.16,-4e-05
-1.488e+00,-8.00001e-05,0.0001,1.4,4e-05
-1.485e+00,-8.00001e-05,0.00026,1.4,-4e-05
-1.482e+00,-0.00016,0.00018,1.16,-8e-05
-1.478e+00,-0.00016,6e-05,1,4e-05
-1.475e+00,-8.00001e-05,0.0001,0.84,-0.00012
-1.472e+00,-8.00001e-05,0.00018,0.6,2.98023e-12
-1.469e+00,-9.53674e-11,0.00014,0.36,4e-05
-1.466e+00,-0.00016,0.00026,0.2,-0.00016
-1.462e+00,-0.00024,0.00018,0.04,4e-05
-1.459e+00,-8.00001e-05,0.00014,-0.2,-0.00012
-1.456e+00,-8.00001e-05,0.00026,-0.36,-8e-05
-1.453e+00,-9.53674e-11,0.00018,-0.6,-4e-05
-1.450e+00,-0.00032,0.00014,-0.76,2.98023e-12
-1.446e+00,-0.00016,0.00022,-1,2.98023e-12
-1.443e+00,-0.00016,2e-05,-1.16,2.98023e-12
-1.440e+00,-0.00032,0.00026,-1.32,-0.00012
-1.437e+00,-0.00024,0.00018,-1.56,0.00016
-1.434e+00,7.99999e-05,0.00018,-1.4,2.98023e-12
-1.430e+00,-0.00016,0.0001,-1.24,4e-05
-1.427e+00,-8.00001e-05,0.00022,-1,4e-05
-1.424e+00,-9.53674e-11,0.00018,-0.84,-4e-05
-1.421e+00,-8.00001e-05,0.00026,-0.68,4e-05
-1.418e+00,-9.53674e-11,0.00022,-0.44,-4e-05
-1.414e+00,-0.00016,0.00022,-0.2,-4e-05
-1.411e+00,-8.00001e-05,0.00038,-0.04,2.98023e-12
-1.408e+00,7.99999e-05,0.0001,0.12,0.0002
-1.405e+00,-8.00001e-05,0.00034,0.36,-4e-05
-1.402e+00,7.99999e-05,0.00046,0.52,8e-05
-1.398e+00,-8.00001e-05,0.00014,0.76,0.0002
-1.395e+00,-8.00001e-05,0.00014,0.92,8e-05
-1.392e+00,-8.00001e-05,0.00022,1.16,2.98023e-12
-1.389e+00,-0.00016,0.00014,1.32,8e-05
-1.386e+00,-0.00016,0.00022,1.48,8e-05
-1.382e+00,-9.53674e-11,2e-05,1.24,8e-05
-1.379e+00,-0.00024,0.00034,1.08,8e-05
-1.376e+00,-0.00016,0.00014,0.84,2.98023e-12
-1.373e+00,-8.00001e-05,0.00034,0.68,-8e-05
-1.370e+00,-9.53674e-11,0.0003,0.44,-8e-05
-1.366e+00,-8.00001e-05,0.00022,0.28,-4e-05
-1.363e+00,-0.00024,0.00038,0.12,4e-05
-1.360e+00,-0.00016,0.00026,-0.12,-4e-05
-1.357e+00,-8.00001e-05,0.00042,-0.28,2.98023e-12
-1.354e+00,-0.00016,0.0003,-0.52,0.00012
-1.350e+00,-8.00001e-05,0.00034,-0.68,-4e-05
-1.347e+00,-0.00016,0.0003,-0.92,-4e-05
-1.344e+00,-9.53674e-11,0.00022,-1.08,-4e-05
-1.341e+00,-8.00001e-05,0.00038,-1.32,2.98023e-12
-1.338e+00,-0.00024,0.0005,-1.48,-8e-05
-1.334e+00,-0.00016,0.0003,-1.48,2.98023e-12
-1.331e+00,-0.00016,0.0003,-1.32,-8e-05
-1.328e+00,-9.53674e-11,0.00022,-1.08,2.98023e-12
-1.325e+00,-8.00001e-05,0.0003,-0.84,-4e-05
-1.322e+00,-8.00001e-05,0.00034,-0.68,8e-05
-1.318e+00,-8.00001e-05,0.00034,-0.44,2.98023e-12
-1.315e+00,-8.00001e-05,0.00026,-0.28,-0.00012
-1.312e+00,-8.00001e-05,0.00022,-0.12,-8e-05
-1.309e+00,-8.00001e-05,0.00014,0.12,2.98023e-12
-1.306e+00,-8.00001e-05,0.00042,0.28,2.98023e-12
-1.302e+00,-9.53674e-11,0.0003,0.52,4e-05
-1.299e+00,-9.53674e-11,6e-05,0.68,2.98023e-12
-1.296e+00,-8.00001e-05,0.0001,0.92,0.00012
-1.293e+00,-9.53674e-11,0.00038,1.08,0.00016
-1.290e+00,-9.53674e-11,0.00042,1.24,8e-05
-1.286e+00,0.00016,0.00046,1.48,4e-05
-1.283e+00,-8.00001e-05,0.00038,1.32,4e-05
-1.280e+00,-8.00001e-05,0.00042,1.08,-8e-05
-1.277e+00,-9.53674e-11,0.00022,0.92,-0.00012
-1.274e+00,-0.00016,0.00054,0.68,0.00016
-1.270e+00,-8.00001e-05,0.00026,0.52,2.98023e-12
-1.267e+00,-8.00001e-05,0.00022,0.28,-4e-05
-1.264e+00,-8.00001e-05,0.00046,0.12,-4e-05
-1.261e+00,-8.00001e-05,0.00034,-0.04,4e-05
-1.258e+00,-8.00001e-05,0.0003,-0.28,2.98023e-12
-1.254e+00,-9.53674e-11,0.00038,-0.44,0.00012
-1.251e+00,7.99999e-05,0.00022,-0.68,-4e-05
-1.248e+00,-8.00001e-05,0.00034,-0.84,0.00016
-1.245e+00,-0.00016,0.00018,-1.08,-0.00012
-1.242e+00,-9.53674e-11,0.00042,-1.24,-4e-05
-1.238e+00,-8.00001e-05,0.00046,-1.4,2.98023e-12
-1.235e+00,-0.00016,0.0003,-1.56,-4e-05
-1.232e+00,-8.00001e-05,0.00042,-1.32,-4e-05
-1.229e+00,-0.00032,0.0005,-1.16,0.00016
-1.226e+00,-8.00001e-05,0.00026,-0.92,4e-05
-1.222e+00,-8.00001e-05,0.00038,-0.76,-8e-05
-1.219e+00,-9.53674e-11,0.00042,-0.52,-0.00024
-1.216e+00,-8.00001e-05,0.0005,-0.36,0.00012
-1.213e+00,-0.00024,0.00034,-0.12,4e-05
-1.210e+00,-8.00001e-05,0.00054,0.04,2.98023e-12
-1.206e+00,-9.53674e-11,0.00046,0.28,0.00012
-1.203e+00,-8.00001e-05,0.0005,0.44,8e-05
-1.200e+00,-8.00001e-05,0.00038,0.6,-0.00012
-1.197e+00,-8.00001e-05,0.00046,0.84,-0.00012
-1.194e+00,-0.00024,0.00038,1.08,-8e-05
-1.190e+00,-0.00024,0.00046,1.24,0.00016
-1.187e+00,-9.53674e-11,0.00042,1.4,-4e-05
-1.184e+00,7.99999e-05,0.00046,1.32,-8e-05
-1.181e+00,-8.00001e-05,0.00046,1.16,4e-05
-1.178e+00,-0.00016,0.00042,0.92,2.98023e-12
-1.174e+00,-0.00024,0.00026,0.76,-0.00024
-1.171e+00,7.99999e-05,0.00058,0.52,0.00016
-1.168e+00,-8.00001e-05,0.00054,0.36,-4e-05
-1.165e+00,-0.00024,0.00042,0.12,-0.00012
-1.162e+00,-0.00016,0.00038,-0.04,4e-05
-1.158e+00,7.99999e-05,0.0005,-0.2,4e-05
-1.155e+00,-0.00016,0.00058,-0.44,-8e-05
-1.152e+00,-0.00024,0.00062,-0.6,-8e-05
-1.149e+00,-8.00001e-05,0.00042,-0.76,4e-05
-1.146e+00,-8.00001e-05,0.00058,-1,-4e-05
-1.142e+00,-0.00016,0.0005,-1.16,8e-05
-1.139e+00,-8.00001e-05,0.00046,-1.4,-0.00016
-1.136e+00,-8.00001e-05,0.0005,-1.56,2.98023e-12
-1.133e+00,-0.00016,0.00034,-1.4,-8e-05
-1.130e+00,-0.00016,0.00062,-1.16,4e-05
-1.126e+00,-8.00001e-05,0.00046,-1,2.98023e-12
-1.123e+00,-9.53674e-11,0.00066,-0.76,-0.00016
-1.120e+00,-0.00016,0.00038,-0.6,8e-05
-1.117e+00,-9.53674e-11,0.00062,-0.36,-0.00016
-1.114e+00,-0.00016,0.00042,-0.2,0.00016
-1.110e+00,-0.00016,0.00042,-0.04,8e-05
-1.107e+00,-0.00024,0.00034,0.2,8e-05
-1.104e+00,-0.00016,0.00042,0.36,2.98023e-12
-1.101e+00,-9.53674e-11,0.00042,0.6,2.98023e-12
-1.098e+00,-0.00032,0.0005,0.76,4e-05
-1.094e+00,-0.00016,0.00042,1,-0.00016
-1.091e+00,-8.00001e-05,0.00046,1.16,-4e-05
-1.088e+00,-0.00016,0.00054,1.4,4e-05
-1.085e+00,-0.00016,0.0005,1.32,4e-05
-1.082e+00,-8.00001e-05,0.00054,1.16,-8e-05
-1.078e+00,-9.53674e-11,0.00042,1,0.0002
-1.075e+00,-8.00001e-05,0.00058,0.84,2.98023e-12
-1.072e+00,-8.00001e-05,0.00046,0.6,8e-05
-1.069e+00,-8.00001e-05,0.00046,0.44,-0.00012
-1.066e+00,-8.00001e-05,0.00034,0.2,-0.00012
-1.062e+00,-8.00001e-05,0.00038,0.04,4e-05
-1.059e+00,-0.00016,0.0005,-0.2,-4e-05
-1.056e+00,-8.00001e-05,0.0005,-0.36,2.98023e-12
-1.053e+00,-8.00001e-05,0.00038,-0.6,2.98023e-12
-1.050e+00,-9.53674e-11,0.00058,-0.76,-4e-05
-1.046e+00,-0.00016,0.00058,-1,4e-05
-1.043e+00,7.99999e-05,0.00046,-1.16,8e-05
-1.040e+00,-0.00016,0.00054,-1.32,-0.00012
-1.037e+00,-8.00001e-05,0.0007,-1.56,4e-05
-1.034e+00,-0.00024,0.00038,-1.4,4e-05
-1.030e+00,-8.00001e-05,0.00058,-1.24,-0.00024
-1.027e+00,-0.00024,0.0005,-1,-4e-05
-1.024e+00,-8.00001e-05,0.00046,-0.84,-4e-05
-1.021e+00,-9.53674e-11,0.00066,-0.6,8e-05
-1.018e+00,-0.00016,0.00046,-0.44,-4e-05
-1.014e+00,-8.00001e-05,0.00058,-0.2,4e-05
-1.011e+00,-9.53674e-11,0.0005,-0.04,4e-05
-1.008e+00,-9.53674e-11,0.00038,0.2,-8e-05
-1.005e+00,-0.00024,0.00062,0.36,0.00016
-1.002e+00,-9.53674e-11,0.00058,0.52,8e-05
-9.984e-01,-9.53674e-11,0.00046,0.76,-8e-05
-9.952e-01,-8.00001e-05,0.00046,0.92,2.98023e-12
-9.920e-01,-9.53674e-11,0.00054,1.08,2.98023e-12
-9.888e-01,-9.53674e-11,0.0005,1.32,-0.00012
-9.856e-01,-0.00024,0.00038,1.48,4e-05
-9.824e-01,-0.00024,0.00034,1.24,4e-05
-9.792e-01,-9.53674e-11,0.00042,1.08,-0.00016
-9.760e-01,-8.00001e-05,0.00054,0.84,-4e-05
-9.728e-01,-9.53674e-11,0.0005,0.68,-8e-05
-9.696e-01,-0.00016,0.00042,0.44,4e-05
-9.664e-01,7.99999e-05,0.00046,0.2,2.98023e-12
-9.632e-01,-0.00016,0.00062,0.12,-8e-05
-9.600e-01,-0.00016,0.00046,-0.12,-0.00012
-9.568e-01,-0.00016,0.00058,-0.28,8e-05
-9.536e-01,-0.00024,0.00042,-0.52,4e-05
-9.504e-01,-9.53674e-11,0.00026,-0.68,-4e-05
-9.472e-01,7.99999e-05,0.00038,-0.92,0.00012
-9.440e-01,-8.00001e-05,0.0007,-1.08,4e-05
-9.408e-01,-0.00016,0.00054,-1.32,-4e-05
-9.376e-01,-0.00016,0.00042,-1.48,2.98023e-12
-9.344e-01,-8.00001e-05,0.00046,-1.4,0.00012
-9.312e-01,-8.00001e-05,0.00042,-1.24,4e-05
-9.280e-01,-0.00016,0.00042,-1.16,4e-05
-9.248e-01,-0.00016,0.00054,-0.84,4e-05
-9.216e-01,-8.00001e-05,0.0005,-0.68,8e-05
-9.184e-01,-8.00001e-05,0.00026,-0.44,8e-05
-9.152e-01,-0.00016,0.00042,-0.28,2.98023e-12
-9.120e-01,-8.00001e-05,0.0005,-0.12,0.00012
-9.088e-01,-0.00024,0.00038,0.12,4e-05
-9.056e-01,-0.00016,0.00042,0.28,-0.00012
-9.024e-01,-9.53674e-11,0.00046,0.52,-0.00012
-8.992e-01,-0.00024,0.00042,0.68,2.98023e-12
-8.960e-01,-8.00001e-05,0.00034,0.92,4e-05
-8.928e-01,-8.00001e-05,0.00046,1.08,-0.00012
-8.896e-01,-8.00001e-05,0.00046,1.24,0.00016
-8.864e-01,7.99999e-05,0.0007,1.4,-4e-05
-8.832e-01,-9.53674e-11,0.0005,1.32,-0.0002
-8.800e-01,-0.00016,0.0003,1.08,2.98023e-12
-8.768e-01,-8.00001e-05,0.00034,0.92,-8e-05
-8.736e-01,-9.53674e-11,0.00038,0.68,-4e-05
-8.704e-01,7.99999e-05,0.00046,0.52,2.98023e-12
-8.672e-01,-8.00001e-05,0.00038,0.28,8e-05
-8.640e-01,-9.53674e-11,0.00046,0.12,-4e-05
-8.608e-01,-0.00016,0.00026,-0.12,0.00012
-8.576e-01,-9.53674e-11,0.00058,-0.28,0.00016
-8.544e-01,0.00016,0.00058,-0.44,-0.00012
-8.512e-01,-9.53674e-11,0.00042,-0.68,-0.00012
-8.480e-01,-0.00024,0.0005,-0.84,8e-05
-8.448e-01,-8.00001e-05,0.00038,-1.08,8e-05
-8.416e-01,-8.00001e-05,0.00034,-1.24,2.98023e-12
-8.384e-01,-8.00001e-05,0.00046,-1.4,-4e-05
-8.352e-01,-0.00024,0.00046,-1.56,-4e-05
-8.320e-01,7.99999e-05,0.0005,-1.32,8e-05
-8.288e-01,-8.00001e-05,0.00042,-1.08,-8e-05
-8.256e-01,-8.00001e-05,0.00034,-0.92,4e-05
-8.224e-01,-8.00001e-05,0.00038,-0.76,2.98023e-12
-8.192e-01,-8.00001e-05,0.0005,-0.52,8e-05
-8.160e-01,-0.00016,0.00054,-0.36,8e-05
-8.128e-01,-0.00024,0.0005,-0.12,4e-05
-8.096e-01,-8.00001e-05,0.00054,0.04,8e-05
-8.064e-01,-0.00016,0.0005,0.28,4e-05
-8.032e-01,-8.00001e-05,0.0005,0.44,8e-05
-8.000e-01,-8.00001e-05,0.00034,0.6,-4e-05
-7.968e-01,-8.00001e-05,0.00058,0.84,-0.00012
-7.936e-01,7.99999e-05,0.00038,1,8e-05
-7.904e-01,0.00016,0.00046,1.24,-0.00016
-7.872e-01,-0.00016,0.00046,1.4,4e-05
-7.840e-01,-0.00016,0.00038,1.32,8e-05
-7.808e-01,-0.00016,0.00034,1.16,-4e-05
-7.776e-01,-0.00024,0.00046,0.92,4e-05
-7.744e-01,-8.00001e-05,0.00038,0.76,-8e-05
-7.712e-01,-8.00001e-05,0.00062,0.52,-4e-05
-7.680e-01,-0.00024,0.00046,0.36,-4e-05
-7.648e-01,-9.53674e-11,0.00038,0.2,8e-05
-7.616e-01,7.99999e-05,0.00046,-0.04,-8e-05
-7.584e-01,-0.00032,0.00054,-0.2,2.98023e-12
-7.552e-01,-9.53674e-11,0.00062,-0.44,2.98023e-12
-7.520e-01,-9.53674e-11,0.00054,-0.6,-4e-05
-7.488e-01,-9.53674e-11,0.00042,-0.84,8e-05
-7.456e-01,-8.00001e-05,0.00022,-1,-8e-05
-7.424e-01,7.99999e-05,0.00062,-1.24,-0.00012
-7.392e-01,-9.53674e-11,0.00054,-1.4,4e-05
-7.360e-01,-8.00001e-05,0.00042,-1.56,-4e-05
-7.328e-01,-0.00016,0.00038,-1.4,2.98023e-12
-7.296e-01,-8.00001e-05,0.00034,-1.16,0.00012
-7.264e-01,-0.00016,0.00046,-1,8e-05
-7.232e-01,-9.53674e-11,0.00046,-0.76,-4e-05
-7.200e-01,-0.00032,0.00038,-0.68,0.00012
-7.168e-01,-0.00016,0.00034,-0.36,2.98023e-12
-7.136e-01,-0.00016,0.00046,-0.2,-4e-05
-7.104e-01,-9.53674e-11,0.0005,0.04,2.98023e-12
-7.072e-01,-8.00001e-05,0.00038,0.2,0.00012
-7.040e-01,7.99999e-05,0.00054,0.36,8e-05
-7.008e-01,-0.00016,0.00046,0.6,-4e-05
-6.976e-01,-8.00001e-05,0.0005,0.76,2.98023e-12
-6.944e-01,-9.53674e-11,0.0003,1,-8e-05
-6.912e-01,0.00016,0.00054,1.16,8e-05
-6.880e-01,-0.00016,0.00054,1.4,0.00012
-6.848e-01,-0.00024,0.00054,1.4,4e-05
-6.816e-01,-8.00001e-05,0.00054,1.16,2.98023e-12
-6.784e-01,-0.00016,0.00042,1,-4e-05
-6.752e-01,-0.00024,0.0005,0.76,-0.00016
-6.720e-01,-0.00024,0.00058,0.6,0.00012
-6.688e-01,-8.00001e-05,0.00062,0.44,2.98023e-12
-6.656e-01,-9.53674e-11,0.00034,0.2,-0.0002
-6.624e-01,-9.53674e-11,0.00042,0.04,-4e-05
-6.592e-01,-9.53674e-11,0.00034,-0.12,4e-05
-6.560e-01,-0.00016,0.0007,-0.36,2.98023e-12
-6.528e-01,-0.00016,0.00042,-0.6,0.00012
-6.496e-01,-8.00001e-05,0.0005,-0.76,-4e-05
-6.464e-01,-9.53674e-11,0.00042,-1,2.98023e-12
-6.432e-01,-8.00001e-05,0.00054,-1.16,2.98023e-12
-6.400e-01,-0.00016,0.00066,-1.32,8e-05
-6.368e-01,-0.00016,0.0005,-1.56,8e-05
-6.336e-01,-8.00001e-05,0.00046,-1.4,2.98023e-12
-6.304e-01,-0.00024,0.00046,-1.24,8e-05
-6.272e-01,-0.00016,0.00026,-1.08,2.98023e-12
-6.240e-01,-0.00016,0.00034,-0.84,0.00012
-6.208e-01,-0.00016,0.0005,-0.6,-4e-05
-6.176e-01,-0.00024,0.00042,-0.44,0.00012
-6.144e-01,-9.53674e-11,0.00038,-0.28,0.00012
-6.112e-01,-8.00001e-05,0.00042,-0.04,2.98023e-12
-6.080e-01,-9.53674e-11,0.00046,0.12,4e-05
-6.048e-01,-8.00001e-05,0.0005,0.36,-0.00012
-6.016e-01,-8.00001e-05,0.00042,0.52,-4e-05
-5.984e-01,-8.00001e-05,0.00038,0.76,8e-05
-5.952e-01,-0.00032,0.00058,0.92,-4e-05
-5.920e-01,-0.00016,0.00046,1.08,-0.00012
-5.888e-01,-0.00016,0.00058,1.32,8e-05
-5.856e-01,-9.53674e-11,0.00038,1.48,-8e-05
-5.824e-01,-8.00001e-05,0.00038,1.24,4e-05
-5.792e-01,-0.00016,0.00062,1,2.98023e-12
-5.760e-01,-0.00016,0.00034,0.84,-4e-05
-5.728e-01,-8.00001e-05,0.00066,0.6,0.00012
-5.696e-01,-8.00001e-05,0.0005,0.44,2.98023e-12
-5.664e-01,-0.00016,0.00046,0.28,-8e-05
-5.632e-01,-8.00001e-05,0.00034,0.04,4e-05
-5.600e-01,-9.53674e-11,0.00054,-0.12,-0.00012
-5.568e-01,-8.00001e-05,0.00062,-0.28,-4e-05
-5.536e-01,-0.00024,0.00058,-0.6,2.98023e-12
-5.504e-01,0.00016,0.00042,-0.76,4e-05
-5.472e-01,-8.00001e-05,0.0003,-0.92,-0.00016
-5.440e-01,-9.53674e-11,0.00042,-1.16,2.98023e-12
-5.408e-01,-0.00016,0.0005,-1.32,-0.0002
-5.376e-01,-0.00016,0.00054,-1.48,-4e-05
-5.344e-01,-0.00024,0.0005,-1.48,-4e-05
-5.312e-01,-0.00016,0.00038,-1.24,8e-05
-5.280e-01,7.99999e-05,0.00038,-1.08,2.98023e-12
-5.248e-01,-0.00016,0.00054,-0.84,-8e-05
-5.216e-01,-8.00001e-05,0.0005,-0.68,0.00016
-5.184e-01,-0.00024,0.00042,-0.44,-4e-05
-5.152e-01,-8.00001e-05,0.00054,-0.28,0.00012
-5.120e-01,-0.00024,0.00042,-0.12,0.00024
-5.088e-01,-8.00001e-05,0.00038,0.12,8e-05
-5.056e-01,-8.00001e-05,0.00054,0.28,4e-05
-5.024e-01,-9.53674e-11,0.00038,0.52,4e-05
-4.992e-01,-8.00001e-05,0.00026,0.68,8e-05
-4.960e-01,-0.00024,0.00034,0.92,-8e-05
-4.928e-01,-0.00016,0.00046,1.08,-0.00016
-4.896e-01,-8.00001e-05,0.0005,1.24,-4e-05
-4.864e-01,-0.00016,0.00038,1.48,0.00012
-4.832e-01,-8.00001e-05,0.00042,1.24,-4e-05
-4.800e-01,-8.00001e-05,0.0003,1.08,8e-05
-4.768e-01,-9.53674e-11,0.00042,0.92,2.98023e-12
-4.736e-01,-9.53674e-11,0.0005,0.68,4e-05
-4.704e-01,-0.00016,0.00038,0.52,4e-05
-4.672e-01,-9.53674e-11,0.00054,0.36,4e-05
-4.640e-01,-9.53674e-11,0.00042,0.12,4e-05
-4.608e-01,-9.53674e-11,0.0005,-0.12,-0.00016
-4.576e-01,-8.00001e-05,0.00054,-0.28,0.00012
-4.544e-01,-8.00001e-05,0.00046,-0.44,2.98023e-12
-4.512e-01,-0.00016,0.00042,-0.68,-4e-05
-4.480e-01,-9.53674e-11,0.00038,-0.84,-4e-05
-4.448e-01,-8.00001e-05,0.00026,-1.08,0.00012
-4.416e-01,-8.00001e-05,0.00042,-1.24,-8e-05
-4.384e-01,-8.00001e-05,0.00058,-1.48,4e-05
-4.352e-01,-8.00001e-05,0.00038,-1.48,2.98023e-12
-4.320e-01,-9.53674e-11,0.0005,-1.4,0.00012
-4.288e-01,-8.00001e-05,0.00034,-1.16,-4e-05
-4.256e-01,7.99999e-05,0.00042,-0.92,-8e-05
-4.224e-01,-8.00001e-05,0.00066,-0.76,-4e-05
-4.192e-01,-8.00001e-05,0.0007,-0.52,-0.00016
-4.160e-01,-9.53674e-11,0.00054,-0.36,4e-05
-4.128e-01,7.99999e-05,0.0005,-0.12,2.98023e-12
-4.096e-01,-8.00001e-05,0.00038,0.04,4e-05
-4.064e-01,-9.53674e-11,0.00062,0.28,-4e-05
-4.032e-01,-0.00016,0.00062,0.44,-4e-05
-4.000e-01,-0.00024,0.00058,0.6,4e-05
-3.968e-01,7.99999e-05,0.00058,0.84,2.98023e-12
-3.936e-01,-0.00016,0.00038,1,8e-05
-3.904e-01,-8.00001e-05,0.00046,1.24,-0.00012
-3.872e-01,-8.00001e-05,0.00046,1.4,4e-05
-3.840e-01,-9.53674e-11,0.00038,1.32,2.98023e-12
-3.808e-01,-0.00016,0.00038,1.16,4e-05
-3.776e-01,-0.00016,0.0005,0.92,0.00012
-3.744e-01,-0.00016,0.00042,0.76,8e-05
-3.712e-01,-0.00016,0.00054,0.52,-4e-05
-3.680e-01,-0.00016,0.00018,0.36,0.00012
-3.648e-01,-8.00001e-05,0.00058,0.2,-8e-05
-3.616e-01,-8.00001e-05,0.00038,-0.04,2.98023e-12
-3.584e-01,-8.00001e-05,0.00046,-0.2,8e-05
-3.552e-01,-8.00001e-05,0.00054,-0.44,4e-05
-3.520e-01,-0.00016,0.00062,-0.6,8e-05
-3.488e-01,-8.00001e-05,0.00042,-0.84,0.00012
-3.456e-01,0.00016,0.00046,-1,-4e-05
-3.424e-01,7.99999e-05,0.00042,-1.24,4e-05
-3.392e-01,7.99999e-05,0.00062,-1.4,2.98023e-12
-3.360e-01,-9.53674e-11,0.00046,-1.56,2.98023e-12
-3.328e-01,-8.00001e-05,0.0005,-1.4,-8e-05
-3.296e-01,-0.00024,0.00042,-1.16,2.98023e-12
-3.264e-01,-0.00016,0.00062,-1,8e-05
-3.232e-01,-9.53674e-11,0.00058,-0.76,4e-05
-3.200e-01,-0.00016,0.00054,-0.68,4e-05
-3.168e-01,-9.53674e-11,0.00038,-0.36,-4e-05
-3.136e-01,-9.53674e-11,0.00058,-0.2,-4e-05
-3.104e-01,-9.53674e-11,0.00066,0.04,4e-05
-3.072e-01,-8.00001e-05,0.0005,0.2,-4e-05
-3.040e-01,7.99999e-05,0.0005,0.36,4e-05
-3.008e-01,-9.53674e-11,0.0005,0.6,-0.00016
-2.976e-01,-0.00016,0.00042,0.76,-4e-05
-2.944e-01,-9.53674e-11,0.00046,1,2.98023e-12
-2.912e-01,-8.00001e-05,0.00042,1.16,-0.00012
-2.880e-01,-9.53674e-11,0.00054,1.32,4e-05
-2.848e-01,-0.00016,0.00042,1.4,2.98023e-12
-2.816e-01,-9.53674e-11,0.00054,1.24,2.98023e-12
-2.784e-01,-0.00016,0.0005,1,-0.0002
-2.752e-01,-8.00001e-05,0.00054,0.84,2.98023e-12
-2.720e-01,-0.00016,0.00046,0.6,-0.00016
-2.688e-01,-9.53674e-11,0.00046,0.44,-8e-05
-2.656e-01,-0.00024,0.00046,0.2,8e-05
-2.624e-01,-8.00001e-05,0.00054,0.04,-4e-05
-2.592e-01,-0.00016,0.00046,-0.2,-4e-05
-2.560e-01,-9.53674e-11,0.0005,-0.36,-4e-05
-2.528e-01,-8.00001e-05,0.00054,-0.52,-8e-05
-2.496e-01,-8.00001e-05,0.00042,-0.76,-0.00012
-2.464e-01,-8.00001e-05,0.00046,-0.92,2.98023e-12
-2.432e-01,-8.00001e-05,0.00058,-1.16,-8e-05
-2.400e-01,-8.00001e-05,0.00046,-1.32,-4e-05
-2.368e-01,-0.00024,0.00058,-1.56,-0.00024
-2.336e-01,-0.00016,0.00054,-1.4,-0.00012
-2.304e-01,-8.00001e-05,0.00066,-1.24,4e-05
-2.272e-01,-8.00001e-05,0.0005,-1,2.98023e-12
-2.240e-01,-9.53674e-11,0.00062,-0.84,-0.00016
-2.208e-01,-8.00001e-05,0.00042,-0.6,-4e-05
-2.176e-01,-0.00016,0.00042,-0.44,4e-05
-2.144e-01,-8.00001e-05,0.00046,-0.2,-8e-05
-2.112e-01,-9.53674e-11,0.00058,-0.04,8e-05
-2.080e-01,-0.00016,0.0005,0.2,-0.00016
-2.048e-01,-8.00001e-05,0.00058,0.36,-8e-05
-2.016e-01,-9.53674e-11,0.00038,0.52,-8e-05
-1.984e-01,-0.00016,0.00034,0.68,-8e-05
-1.952e-01,-9.53674e-11,0.00042,0.92,4e-05
-1.920e-01,-9.53674e-11,0.00054,1.16,8e-05
-1.888e-01,-0.00024,0.00054,1.32,-0.00016
-1.856e-01,-0.00016,0.00042,1.4,2.98023e-12
-1.824e-01,-8.00001e-05,0.00038,1.24,2.98023e-12
-1.792e-01,-8.00001e-05,0.00038,1.08,-8e-05
-1.760e-01,-8.00001e-05,0.00042,0.84,-0.00012
-1.728e-01,-8.00001e-05,0.00042,0.68,-4e-05
-1.696e-01,-9.53674e-11,0.00054,0.44,-0.00012
-1.664e-01,-8.00001e-05,0.00042,0.28,-4e-05
-1.632e-01,-8.00001e-05,0.00058,0.04,-0.00012
-1.600e-01,-8.00001e-05,0.00058,-0.12,2.98023e-12
-1.568e-01,-0.00016,0.00058,-0.28,4e-05
-1.536e-01,-0.00016,0.00058,-0.6,2.98023e-12
-1.504e-01,-8.00001e-05,0.00038,-0.68,-4e-05
-1.472e-01,-0.00016,0.00058,-0.92,-8e-05
-1.440e-01,-8.00001e-05,0.0005,-1.08,4e-05
-1.408e-01,-0.00016,0.00054,-1.32,-0.00012
-1.376e-01,-8.00001e-05,0.00058,-1.48,-8e-05
-1.344e-01,-8.00001e-05,0.00054,-1.48,-8e-05
-1.312e-01,7.99999e-05,0.00042,-1.32,0.00012
-1.280e-01,-8.00001e-05,0.00038,-1.08,4e-05
-1.248e-01,-9.53674e-11,0.0005,-0.84,4e-05
-1.216e-01,-8.00001e-05,0.00034,-0.68,2.98023e-12
-1.184e-01,-9.53674e-11,0.00054,-0.52,-4e-05
-1.152e-01,-0.00016,0.00034,-0.36,-8e-05
-1.120e-01,-0.00024,0.00054,-0.12,-4e-05
-1.088e-01,-0.00016,0.00026,0.12,2.98023e-12
-1.056e-01,-9.53674e-11,0.0005,0.28,4e-05
-1.024e-01,-8.00001e-05,0.00034,0.44,2.98023e-12
-9.920e-02,-8.00001e-05,0.00038,0.68,2.98023e-12
-9.600e-02,-8.00001e-05,0.00022,0.84,0.00012
-9.280e-02,-8.00001e-05,0.00042,1.08,4e-05
-8.960e-02,-8.00001e-05,0.00038,1.24,0.00012
-8.640e-02,-8.00001e-05,0.0005,1.4,-4e-05
-8.320e-02,-8.00001e-05,0.00042,1.32,-0.00012
-8.000e-02,-0.00016,0.00046,1.08,-4e-05
-7.680e-02,-9.53674e-11,0.00034,0.92,2.98023e-12
-7.360e-02,-9.53674e-11,0.00046,0.68,-0.00012
-7.040e-02,-0.00024,0.00042,0.52,2.98023e-12
-6.720e-02,-0.00016,0.00054,0.28,-8e-05
-6.400e-02,-0.00016,0.0005,0.12,-8e-05
-6.080e-02,-0.00016,0.00038,-0.12,2.98023e-12
-5.760e-02,-0.00016,0.00038,-0.28,-4e-05
-5.440e-02,-8.00001e-05,0.00046,-0.52,0.0002
-5.120e-02,-0.00016,0.0005,-0.68,-8e-05
-4.800e-02,-0.00024,0.0005,-0.84,-4e-05
-4.480e-02,-0.00016,0.00042,-1.08,2.98023e-12
-4.160e-02,-8.00001e-05,0.00034,-1.24,-0.00012
-3.840e-02,7.99999e-05,0.0003,-1.48,-8e-05
-3.520e-02,-8.00001e-05,0.00046,-1.48,-4e-05
-3.200e-02,-0.00016,0.00042,-1.32,-8e-05
-2.880e-02,-8.00001e-05,0.00038,-1.16,-0.00012
-2.560e-02,-9.53674e-11,0.00042,-0.92,2.98023e-12
-2.240e-02,-9.53674e-11,0.00038,-0.76,4e-05
-1.920e-02,-9.53674e-11,0.00042,-0.52,-4e-05
-1.600e-02,-0.00016,0.0005,-0.36,-4e-05
-1.280e-02,-9.53674e-11,0.00042,-0.12,-8e-05
-9.600e-03,7.99999e-05,0.00038,0.04,4e-05
-6.400e-03,-8.00001e-05,0.00034,0.28,-4e-05
-3.200e-03,-0.00024,0.00038,0.44,-8e-05
5.850e-14,-0.00016,0.00042,0.6,2.98023e-12
3.200e-03,-0.00016,0.00042,0.84,-8e-05
6.400e-03,-8.00001e-05,0.0003,1,0.0002
9.600e-03,-9.53674e-11,0.00034,1.24,-4e-05
1.280e-02,-0.00024,0.00062,1.4,2.98023e-12
1.600e-02,-0.00016,0.0003,1.4,4e-05
1.920e-02,-8.00001e-05,0.0003,1.16,2.98023e-12
2.240e-02,-0.00016,0.00038,0.92,2.98023e-12
2.560e-02,-8.00001e-05,0.00038,0.76,2.98023e-12
2.880e-02,-9.53674e-11,0.00046,0.52,-0.00012
3.200e-02,-8.00001e-05,0.00038,0.36,8e-05
3.520e-02,-8.00001e-05,0.00038,0.2,-4e-05
3.840e-02,-0.00024,0.00042,-0.04,2.98023e-12
4.160e-02,-9.53674e-11,0.00054,-0.28,2.98023e-12
4.480e-02,-9.53674e-11,0.0003,-0.44,-4e-05
4.800e-02,-9.53674e-11,0.00022,-0.6,4e-05
5.120e-02,-9.53674e-11,0.00022,-0.84,-8e-05
5.440e-02,-9.53674e-11,0.00038,-1,8e-05
5.760e-02,-8.00001e-05,0.00034,-1.16,2.98023e-12
6.080e-02,-0.00016,0.00034,-1.4,0.00016
6.400e-02,-0.00016,0.00026,-1.56,-4e-05
6.720e-02,-0.00024,0.00034,-1.32,2.98023e-12
7.040e-02,-8.00001e-05,0.00026,-1.16,4e-05
7.360e-02,-0.00016,0.00026,-1,4e-05
7.680e-02,-9.53674e-11,0.00038,-0.76,-8e-05
8.000e-02,-0.00024,0.0003,-0.6,4e-05
8.320e-02,-9.53674e-11,0.00022,-0.36,4e-05
8.640e-02,-8.00001e-05,0.00034,-0.2,-8e-05
8.960e-02,-8.00001e-05,0.00018,-0.04,0.00016
9.280e-02,-0.00016,0.00038,0.2,-4e-05
9.600e-02,-0.00016,0.00038,0.36,2.98023e-12
9.920e-02,-8.00001e-05,0.00022,0.6,0.00016
1.024e-01,-0.00016,0.00026,0.76,-4e-05
1.056e-01,-8.00001e-05,0.0003,1,-4e-05
1.088e-01,-9.53674e-11,0.00014,1.16,2.98023e-12
1.120e-01,-8.00001e-05,0.00038,1.4,0.0002
1.152e-01,-9.53674e-11,0.00034,1.4,2.98023e-12
1.184e-01,-8.00001e-05,0.0003,1.16,0.00012
1.216e-01,-0.00016,0.00038,1,8e-05
1.248e-01,-9.53674e-11,0.00042,0.84,8e-05
1.280e-01,-0.00024,0.00034,0.6,4e-05
1.312e-01,-8.00001e-05,0.00026,0.44,2.98023e-12
1.344e-01,-8.00001e-05,0.00026,0.2,2.98023e-12
1.376e-01,-8.00001e-05,0.00038,0.04,-0.00012
1.408e-01,-8.00001e-05,0.0003,-0.12,-4e-05
1.440e-01,-8.00001e-05,0.00034,-0.36,2.98023e-12
1.472e-01,-9.53674e-11,0.00038,-0.52,2.98023e-12
1.504e-01,-9.53674e-11,0.00042,-0.76,-4e-05
1.536e-01,-0.00016,0.00026,-0.92,-0.00012
1.568e-01,-9.53674e-11,0.00034,-1.16,0.00012
1.600e-01,-8.00001e-05,0.00042,-1.4,2.98023e-12
1.632e-01,-9.53674e-11,0.00046,-1.56,-0.00012
1.664e-01,-8.00001e-05,0.00026,-1.4,2.98023e-12
1.696e-01,-0.00016,0.00026,-1.24,0.00012
1.728e-01,-9.53674e-11,0.00018,-1.08,0.00012
1.760e-01,-8.00001e-05,0.00042,-0.84,4e-05
1.792e-01,-8.00001e-05,0.00034,-0.6,-8e-05
1.824e-01,-8.00001e-05,2e-05,-0.44,0.00012
1.856e-01,-8.00001e-05,0.00022,-0.28,0.00012
1.888e-01,-0.00016,0.00038,-0.04,4e-05
1.920e-01,-8.00001e-05,0.00018,0.12,0.00012
1.952e-01,-8.00001e-05,0.0003,0.36,0.00012
1.984e-01,-0.00024,0.0001,0.52,8e-05
2.016e-01,-9.53674e-11,0.00022,0.76,-8e-05
2.048e-01,-9.53674e-11,0.00018,0.92,0.00012
2.080e-01,-8.00001e-05,0.00038,1.16,-8e-05
2.112e-01,-0.00016,0.00026,1.32,8e-05
2.144e-01,-8.00001e-05,0.00026,1.4,0.00012
2.176e-01,-0.00016,0.00022,1.24,4e-05
2.208e-01,-8.00001e-05,0.00026,1,0.00016
2.240e-01,-0.00016,0.00022,0.84,8e-05
2.272e-01,-0.00016,0.00022,0.68,-8e-05
2.304e-01,-9.53674e-11,0.00026,0.44,-8e-05
2.336e-01,-8.00001e-05,0.00018,0.28,-8e-05
2.368e-01,-8.00001e-05,0.00022,0.04,2.98023e-12
2.400e-01,-9.53674e-11,0.00038,-0.12,2.98023e-12
2.432e-01,-0.00024,0.00022,-0.36,4e-05
2.464e-01,-9.53674e-11,0.00042,-0.52,4e-05
2.496e-01,-0.00016,0.00014,-0.68,-8e-05
2.528e-01,-8.00001e-05,0.00018,-0.92,4e-05
2.560e-01,-8.00001e-05,0.0003,-1.08,0.00012
2.592e-01,-8.00001e-05,0.0001,-1.32,8e-05
2.624e-01,-8.00001e-05,0.00022,-1.48,2.98023e-12
2.656e-01,-8.00001e-05,0.00046,-1.48,-8e-05
2.688e-01,-0.00016,0.00018,-1.24,-0.0002
2.720e-01,-0.00016,0.0003,-1.08,8e-05
2.752e-01,-0.00016,0.00034,-0.84,2.98023e-12
2.784e-01,-8.00001e-05,0.0005,-0.68,4e-05
2.816e-01,-8.00001e-05,2e-05,-0.44,8e-05
2.848e-01,-8.00001e-05,0.00014,-0.28,2.98023e-12
2.880e-01,-0.00016,0.00022,-0.12,2.98023e-12
2.912e-01,-0.00024,0.0003,0.12,-8e-05
2.944e-01,-9.53674e-11,0.0003,0.28,4e-05
2.976e-01,-8.00001e-05,0.0003,0.52,-4e-05
3.008e-01,-8.00001e-05,0.00038,0.68,-4e-05
3.040e-01,-8.00001e-05,0.0001,0.84,-4e-05
3.072e-01,-8.00001e-05,0.00022,1.08,2.98023e-12
3.104e-01,-0.00016,0.00034,1.32,-0.00016
3.136e-01,-0.00016,0.00034,1.48,0.00012
3.168e-01,-0.00024,0.0003,1.32,2.98023e-12
3.200e-01,-9.53674e-11,0.00038,1.08,-8e-05
3.232e-01,7.99999e-05,0.0001,0.84,2.98023e-12
3.264e-01,-0.00016,0.0003,0.68,-8e-05
3.296e-01,-0.00016,0.00014,0.52,0.00012
3.328e-01,7.99999e-05,0.00026,0.28,0.00012
3.360e-01,-0.00024,0.00046,0.12,-8e-05
3.392e-01,-0.00016,0.00038,-0.12,4e-05
3.424e-01,-0.00016,0.0003,-0.28,8e-05
3.456e-01,-8.00001e-05,0.00038,-0.44,-8e-05
3.488e-01,-0.00016,0.00038,-0.68,8e-05
3.520e-01,-8.00001e-05,0.00022,-0.84,-8e-05
3.552e-01,-8.00001e-05,0.00022,-1.16,8e-05
3.584e-01,-8.00001e-05,0.00026,-1.24,8e-05
3.616e-01,-8.00001e-05,0.0003,-1.4,4e-05
3.648e-01,-8.00001e-05,0.0003,-1.48,4e-05
3.680e-01,-0.00024,0.00034,-1.32,-0.00016
3.712e-01,-0.00016,0.00022,-1.16,0.00016
3.744e-01,-8.00001e-05,0.00022,-0.92,0.0002
3.776e-01,-0.00016,0.00026,-0.68,4e-05
3.808e-01,-8.00001e-05,0.00026,-0.52,-8e-05
3.840e-01,-9.53674e-11,0.0003,-0.36,0.00012
3.872e-01,-0.00016,0.0001,-0.12,8e-05
3.904e-01,-8.00001e-05,6e-05,0.04,0.00012
3.936e-01,-8.00001e-05,0.0003,0.28,-8e-05
3.968e-01,-8.00001e-05,0.00022,0.44,2.98023e-12
4.000e-01,-8.00001e-05,0.00022,0.6,4e-05
4.032e-01,-0.00024,0.00022,0.84,4e-05
4.064e-01,-0.00024,0.00014,1,-0.00024
4.096e-01,-0.00016,0.00026,1.24,0.00012
4.128e-01,-0.00016,0.00026,1.4,2.98023e-12
4.160e-01,-8.00001e-05,0.00022,1.32,0.00012
4.192e-01,-0.00024,0.00034,1.16,-8e-05
4.224e-01,-8.00001e-05,0.00026,0.92,2.98023e-12
4.256e-01,-9.53674e-11,0.00042,0.76,-8e-05
4.288e-01,-0.00016,0.0003,0.52,4e-05
4.320e-01,-8.00001e-05,0.0001,0.36,-0.00012
4.352e-01,-0.00016,6e-05,0.2,4e-05
4.384e-01,-8.00001e-05,0.0003,-0.04,8e-05
4.416e-01,-9.53674e-11,0.00026,-0.2,-0.0002
4.448e-01,-8.00001e-05,0.00046,-0.44,-8e-05
4.480e-01,-0.00016,0.00022,-0.6,0.00012
4.512e-01,-8.00001e-05,0.00034,-0.84,8e-05
4.544e-01,-0.00024,0.00022,-1,2.98023e-12
4.576e-01,-0.00016,0.00034,-1.16,0.00012
4.608e-01,-8.00001e-05,0.00042,-1.4,2.98023e-12
4.640e-01,-0.00024,0.00022,-1.56,8e-05
4.672e-01,-8.00001e-05,0.00026,-1.4,2.98023e-12
4.704e-01,-8.00001e-05,0.00018,-1.16,4e-05
4.736e-01,-0.00016,0.00026,-0.92,-8e-05
4.768e-01,-9.53674e-11,0.00022,-0.76,4e-05
4.800e-01,-0.00016,0.00042,-0.6,2.98023e-12
4.832e-01,-8.00001e-05,0.00026,-0.36,4e-05
4.864e-01,-8.00001e-05,0.00038,-0.2,8e-05
4.896e-01,-9.53674e-11,0.0001,0.04,0.00012
4.928e-01,-8.00001e-05,0.00014,0.12,4e-05
4.960e-01,-8.00001e-05,0.00018,0.36,2.98023e-12
4.992e-01,-0.00016,0.00026,0.52,8e-05
5.024e-01,-9.53674e-11,0.0003,0.76,4e-05
5.056e-01,-0.00016,0.00014,1,2.98023e-12
5.088e-01,-0.00016,0.00018,1.16,-4e-05
5.120e-01,-9.53674e-11,0.00026,1.32,0.0002
5.152e-01,-9.53674e-11,0.00026,1.4,8e-05
5.184e-01,-0.00016,0.00022,1.16,-0.00012
5.216e-01,-8.00001e-05,0.00014,0.92,0.00012
5.248e-01,-0.00016,0.00026,0.76,2.98023e-12
5.280e-01,-8.00001e-05,0.0003,0.6,2.98023e-12
5.312e-01,-9.53674e-11,0.00034,0.44,0.00024
5.344e-01,-8.00001e-05,0.00014,0.2,4e-05
5.376e-01,-0.00032,0.0003,0.04,-0.00016
5.408e-01,-9.53674e-11,0.0001,-0.12,-4e-05
5.440e-01,-0.00016,0.00018,-0.44,8e-05
5.472e-01,-0.00016,0.00018,-0.52,2.98023e-12
5.504e-01,-8.00001e-05,0.0003,-0.76,0.00012
5.536e-01,-0.00024,0.0003,-1,-8e-05
5.568e-01,-0.00024,0.00018,-1.16,4e-05
5.600e-01,7.99999e-05,0.00022,-1.4,0.00012
5.632e-01,-0.00016,0.00046,-1.56,0.00016
5.664e-01,-0.00016,0.0003,-1.4,4e-05
5.696e-01,-0.00016,0.0001,-1.24,4e-05
5.728e-01,-8.00001e-05,0.00014,-1,2.98023e-12
5.760e-01,-0.00024,0.00034,-0.84,2.98023e-12
5.792e-01,-0.00024,0.00026,-0.6,0.00012
5.824e-01,-0.00024,0.00026,-0.44,8e-05
5.856e-01,-0.00032,0.00034,-0.2,8e-05
5.888e-01,-0.00016,0.00022,-0.04,2.98023e-12
5.920e-01,-9.53674e-11,0.00026,0.12,0.00016
5.952e-01,-8.00001e-05,0.00042,0.36,8e-05
5.984e-01,-0.00016,0.00034,0.52,0.00012
6.016e-01,-0.00024,0.00022,0.68,2.98023e-12
6.048e-01,-8.00001e-05,0.00022,0.92,4e-05
6.080e-01,-0.00024,0.00014,1.08,0.00024
6.112e-01,-0.00016,0.0003,1.32,2.98023e-12
6.144e-01,-8.00001e-05,0.00026,1.4,4e-05
6.176e-01,-9.53674e-11,0.00022,1.24,0.00016
6.208e-01,-0.00024,0.00026,1.08,4e-05
6.240e-01,-0.00016,0.00018,0.84,0.00012
6.272e-01,-8.00001e-05,0.0003,0.68,-0.00012
6.304e-01,-9.53674e-11,0.00038,0.36,2.98023e-12
6.336e-01,-8.00001e-05,0.0003,0.2,2.98023e-12
6.368e-01,-8.00001e-05,0.00026,0.04,8e-05
6.400e-01,-0.00016,0.00026,-0.12,8e-05
6.432e-01,-0.00016,0.00034,-0.28,-0.00012
6.464e-01,-0.00016,0.00038,-0.52,0.00016
6.496e-01,-8.00001e-05,0.0003,-0.76,4e-05
6.528e-01,-0.00016,0.00026,-0.92,2.98023e-12
6.560e-01,-0.00016,0.0003,-1.08,-0.00016
6.592e-01,-9.53674e-11,0.00026,-1.32,8e-05
6.624e-01,-0.00016,0.0003,-1.48,4e-05
6.656e-01,-8.00001e-05,0.0003,-1.48,2.98023e-12
6.688e-01,-8.00001e-05,0.00042,-1.24,0.00012
6.720e-01,-9.53674e-11,0.0003,-1.08,4e-05
6.752e-01,-8.00001e-05,0.00038,-0.92,4e-05
6.784e-01,-8.00001e-05,0.00042,-0.68,4e-05
6.816e-01,-0.00016,0.00034,-0.44,2.98023e-12
6.848e-01,-9.53674e-11,0.00022,-0.28,4e-05
6.880e-01,-0.00016,0.00022,-0.12,4e-05
6.912e-01,-9.53674e-11,0.00018,0.12,8e-05
6.944e-01,-9.53674e-11,0.0003,0.28,0.00012
6.976e-01,-0.00016,0.00026,0.52,2.98023e-12
7.008e-01,-9.53674e-11,0.0001,0.68,-4e-05
7.040e-01,-9.53674e-11,0.0001,0.84,0.00012
7.072e-01,-9.53674e-11,0.00022,1.08,4e-05
7.104e-01,-9.53674e-11,0.00038,1.24,0.00012
7.136e-01,-0.00016,0.00054,1.48,-8e-05
7.168e-01,-8.00001e-05,0.00022,1.32,-0.00012
7.200e-01,-8.00001e-05,0.00034,1.08,0.00012
7.232e-01,-0.00016,0.00014,0.92,4e-05
7.264e-01,-8.00001e-05,0.00034,0.68,2.98023e-12
7.296e-01,-8.00001e-05,0.00038,0.52,4e-05
7.328e-01,-8.00001e-05,0.00026,0.28,0.00012
7.360e-01,-0.00016,0.00022,0.12,-8e-05
7.392e-01,-8.00001e-05,0.00022,-0.04,-4e-05
7.424e-01,-0.00016,0.00018,-0.28,8e-05
7.456e-01,-0.00016,0.00034,-0.44,8e-05
7.488e-01,-8.00001e-05,0.00034,-0.68,8e-05
7.520e-01,-9.53674e-11,0.0003,-0.84,-8e-05
7.552e-01,-8.00001e-05,0.00022,-1.08,0.00012
7.584e-01,-9.53674e-11,0.0003,-1.24,8e-05
7.616e-01,-8.00001e-05,0.00018,-1.48,-4e-05
7.648e-01,-0.00016,0.00026,-1.56,-0.00016
7.680e-01,-0.00016,0.00042,-1.32,4e-05
7.712e-01,-0.00016,2e-05,-1.16,2.98023e-12
7.744e-01,-0.00016,0.00014,-0.92,4e-05
7.776e-01,-0.00024,0.00046,-0.76,-4e-05
7.808e-01,-9.53674e-11,0.0003,-0.52,4e-05
7.840e-01,-0.00016,0.00022,-0.36,-4e-05
7.872e-01,-9.53674e-11,0.00014,-0.12,2.98023e-12
7.904e-01,-8.00001e-05,0.00026,0.04,0.00016
7.936e-01,-8.00001e-05,0.00054,0.2,2.98023e-12
7.968e-01,-8.00001e-05,0.00022,0.44,4e-05
8.000e-01,-8.00001e-05,0.00038,0.6,0.00012
8.032e-01,-9.53674e-11,0.00018,0.84,4e-05
8.064e-01,-8.00001e-05,0.00026,1.08,0.00012
8.096e-01,-9.53674e-11,0.00038,1.24,2.98023e-12
8.128e-01,-0.00016,0.0003,1.4,-4e-05
8.160e-01,-0.00016,0.0003,1.32,0.00012
8.192e-01,-8.00001e-05,0.00038,1.16,2.98023e-12
8.224e-01,-0.00016,0.0003,0.92,4e-05
8.256e-01,-9.53674e-11,0.0003,0.76,8e-05
8.288e-01,-8.00001e-05,0.00046,0.52,4e-05
8.320e-01,-8.00001e-05,0.0003,0.36,-8e-05
8.352e-01,-0.00016,0.00022,0.2,-4e-05
8.384e-01,-9.53674e-11,0.00022,-0.04,-4e-05
8.416e-01,-0.00016,0.00026,-0.2,-0.00016
8.448e-01,-0.00016,0.00026,-0.44,0.00012
8.480e-01,-8.00001e-05,0.00042,-0.6,0.00016
8.512e-01,-9.53674e-11,0.00022,-0.84,-0.00016
8.544e-01,-8.00001e-05,0.00022,-1,-4e-05
8.576e-01,-0.00016,0.00042,-1.24,2.98023e-12
8.608e-01,-0.00016,0.00038,-1.4,-4e-05
8.640e-01,-9.53674e-11,0.00042,-1.56,2.98023e-12
8.672e-01,-8.00001e-05,0.00034,-1.4,0.0002
8.704e-01,-8.00001e-05,0.00014,-1.16,-0.00012
8.736e-01,-8.00001e-05,0.00042,-1,-8e-05
8.768e-01,-8.00001e-05,0.00026,-0.76,0.00016
8.800e-01,-9.53674e-11,0.0005,-0.6,4e-05
8.832e-01,-9.53674e-11,0.00026,-0.36,-4e-05
8.864e-01,-8.00001e-05,0.00034,-0.2,2.98023e-12
8.896e-01,-0.00016,0.00038,0.04,-4e-05
8.928e-01,-0.00024,0.00038,0.2,8e-05
8.960e-01,-0.00016,0.00042,0.36,-4e-05
8.992e-01,-0.00016,0.00022,0.6,2.98023e-12
9.024e-01,-8.00001e-05,0.0003,0.76,0.00012
9.056e-01,-8.00001e-05,0.00014,1,-8e-05
9.088e-01,-9.53674e-11,0.00022,1.16,2.98023e-12
9.120e-01,7.99999e-05,0.00038,1.32,2.98023e-12
9.152e-01,-9.53674e-11,0.00014,1.4,2.98023e-12
9.184e-01,-9.53674e-11,0.00018,1.16,-0.00012
9.216e-01,-8.00001e-05,0.00026,1,-4e-05
9.248e-01,-8.00001e-05,0.00038,0.76,-8e-05
9.280e-01,-0.00016,0.0003,0.6,4e-05
9.312e-01,-8.00001e-05,6e-05,0.36,-8e-05
9.344e-01,-9.53674e-11,0.00038,0.2,-0.00016
9.376e-01,-0.00016,0.00018,0.04,4e-05
9.408e-01,-9.53674e-11,0.0003,-0.2,-4e-05
9.440e-01,-8.00001e-05,0.00026,-0.36,4e-05
9.472e-01,-0.00016,0.00042,-0.6,2.98023e-12
9.504e-01,-0.00024,0.00038,-0.76,-8e-05
9.536e-01,-9.53674e-11,0.00014,-1,8e-05
9.568e-01,-0.00016,0.00026,-1.16,-8e-05
9.600e-01,-8.00001e-05,0.00022,-1.32,-0.00012
9.632e-01,-8.00001e-05,0.0005,-1.56,8e-05
9.664e-01,-0.00016,0.0003,-1.48,0.00012
9.696e-01,-8.00001e-05,0.00022,-1.24,-0.00012
9.728e-01,-8.00001e-05,0.0003,-1.08,4e-05
9.760e-01,-9.53674e-11,0.00026,-0.84,2.98023e-12
9.792e-01,-8.00001e-05,0.00038,-0.6,2.98023e-12
9.824e-01,-8.00001e-05,0.00018,-0.44,0.00016
9.856e-01,-8.00001e-05,0.00038,-0.28,-0.00012
9.888e-01,-8.00001e-05,0.00026,-0.04,0.00016
9.920e-01,-8.00001e-05,0.00042,0.12,8e-05
9.952e-01,-8.00001e-05,0.00018,0.36,-4e-05
9.984e-01,-8.00001e-05,0.0003,0.52,-4e-05
1.002e+00,7.99999e-05,0.00034,0.76,8e-05
1.005e+00,-8.00001e-05,0.00014,0.92,-4e-05
1.008e+00,-0.00032,0.00034,1.08,-0.00012
1.011e+00,-8.00001e-05,0.00034,1.32,2.98023e-12
1.014e+00,-0.00016,0.00034,1.4,4e-05
1.018e+00,-8.00001e-05,0.0003,1.24,4e-05
1.021e+00,-8.00001e-05,0.0003,1.08,4e-05
1.024e+00,-0.00016,0.0003,0.84,-4e-05
1.027e+00,-9.53674e-11,0.00034,0.6,0.0002
1.030e+00,-0.00024,0.00042,0.44,-4e-05
1.034e+00,-9.53674e-11,0.0003,0.28,4e-05
1.037e+00,-8.00001e-05,0.00038,0.04,4e-05
1.040e+00,-0.00016,0.00042,-0.12,2.98023e-12
1.043e+00,-9.53674e-11,0.00046,-0.36,4e-05
1.046e+00,-8.00001e-05,0.0003,-0.52,8e-05
1.050e+00,-0.00016,0.00018,-0.68,2.98023e-12
1.053e+00,-9.53674e-11,0.00026,-0.92,0.00016
1.056e+00,-0.00024,0.00034,-1.08,8e-05
1.059e+00,-0.00024,0.00042,-1.32,4e-05
1.062e+00,-8.00001e-05,0.0005,-1.48,4e-05
1.066e+00,-9.53674e-11,0.00038,-1.48,-8e-05
1.069e+00,-9.53674e-11,0.00046,-1.24,2.98023e-12
1.072e+00,-0.00032,0.00026,-1.08,-8e-05
1.075e+00,-0.00032,0.00042,-0.84,0.00012
1.078e+00,-0.00016,0.00058,-0.68,0.00016
1.082e+00,-9.53674e-11,0.00038,-0.44,-8e-05
1.085e+00,-8.00001e-05,0.00038,-0.28,4e-05
1.088e+00,-0.00016,0.0003,-0.12,-4e-05
1.091e+00,-0.00016,0.00018,0.12,-0.00012
1.094e+00,-8.00001e-05,0.00034,0.28,2.98023e-12
1.098e+00,-8.00001e-05,0.00038,0.44,0.00012
1.101e+00,-0.00016,0.00046,0.68,-4e-05
1.104e+00,-8.00001e-05,0.00026,0.92,-0.00012
1.107e+00,-9.53674e-11,0.00046,1.08,8e-05
1.110e+00,-0.00016,0.00046,1.24,2.98023e-12
1.114e+00,-9.53674e-11,0.00046,1.48,-4e-05
1.117e+00,-9.53674e-11,0.00026,1.32,-4e-05
1.120e+00,-0.00016,0.00042,1.08,-4e-05
1.123e+00,-0.00016,0.00042,0.92,4e-05
1.126e+00,-8.00001e-05,0.00026,0.68,8e-05
1.130e+00,-8.00001e-05,0.00054,0.44,-8e-05
1.133e+00,-0.00016,0.00034,0.28,-8e-05
1.136e+00,-0.00016,0.00042,0.12,4e-05
1.139e+00,-0.00016,0.00042,-0.12,8e-05
1.142e+00,-0.00016,0.00034,-0.28,2.98023e-12
1.146e+00,-0.00016,0.0005,-0.44,-4e-05
1.149e+00,-9.53674e-11,0.00042,-0.68,-0.0002
1.152e+00,-8.00001e-05,0.00026,-0.84,-0.00016
1.155e+00,-9.53674e-11,0.00038,-1.08,4e-05
1.158e+00,-9.53674e-11,0.00042,-1.24,-0.00012
1.162e+00,7.99999e-05,0.0003,-1.48,4e-05
1.165e+00,-9.53674e-11,0.00042,-1.48,0.00016
1.168e+00,7.99999e-05,0.00034,-1.32,-4e-05
1.171e+00,-0.00016,0.00046,-1.08,-4e-05
1.174e+00,-8.00001e-05,0.00034,-0.92,-4e-05
1.178e+00,-9.53674e-11,0.00062,-0.76,-4e-05
1.181e+00,7.99999e-05,0.00042,-0.52,-8e-05
1.184e+00,-0.00016,0.0003,-0.36,8e-05
1.187e+00,-8.00001e-05,0.00038,-0.12,8e-05
1.190e+00,-9.53674e-11,0.00042,0.04,0.00012
1.194e+00,-9.53674e-11,0.0005,0.28,8e-05
1.197e+00,-8.00001e-05,0.00046,0.44,-0.00012
1.200e+00,-8.00001e-05,0.00046,0.6,4e-05
1.203e+00,-8.00001e-05,0.00058,0.84,-8e-05
1.206e+00,-0.00016,0.00038,1.08,4e-05
1.210e+00,-0.00024,0.00038,1.24,2.98023e-12
1.213e+00,-9.53674e-11,0.0005,1.4,8e-05
1.216e+00,-9.53674e-11,0.00046,1.32,-0.00016
1.219e+00,7.99999e-05,0.00038,1.16,-0.00012
1.222e+00,-8.00001e-05,0.00034,0.92,-4e-05
1.226e+00,-8.00001e-05,0.00026,0.76,8e-05
1.229e+00,-8.00001e-05,0.00058,0.52,4e-05
1.232e+00,-9.53674e-11,0.0005,0.36,-0.00012
1.235e+00,-9.53674e-11,0.00042,0.12,8e-05
1.238e+00,-8.00001e-05,0.0003,-0.04,8e-05
1.242e+00,-9.53674e-11,0.0005,-0.2,2.98023e-12
1.245e+00,-8.00001e-05,0.00062,-0.44,2.98023e-12
1.248e+00,-0.00016,0.0005,-0.6,2.98023e-12
1.251e+00,-8.00001e-05,0.00046,-0.84,-4e-05
1.254e+00,7.99999e-05,0.0003,-1,4e-05
1.258e+00,-9.53674e-11,0.00038,-1.24,-0.00016
1.261e+00,-9.53674e-11,0.00042,-1.4,-4e-05
1.264e+00,-9.53674e-11,0.0005,-1.56,0.00012
1.267e+00,-8.00001e-05,0.0005,-1.4,8e-05
1.270e+00,-8.00001e-05,0.00026,-1.16,4e-05
1.274e+00,-9.53674e-11,0.00042,-1,-4e-05
1.277e+00,-9.53674e-11,0.00034,-0.76,4e-05
1.280e+00,-8.00001e-05,0.00038,-0.68,-8e-05
1.283e+00,-0.00016,0.00042,-0.36,2.98023e-12
1.286e+00,-0.00016,0.00038,-0.2,-0.00012
1.290e+00,-9.53674e-11,0.00046,-0.04,4e-05
1.293e+00,-8.00001e-05,0.00054,0.2,4e-05
1.296e+00,-8.00001e-05,0.00046,0.36,0.00012
1.299e+00,-9.53674e-11,0.0005,0.52,2.98023e-12
1.302e+00,-8.00001e-05,0.00042,0.76,0.00016
1.306e+00,-9.53674e-11,0.0003,0.92,0.0002
1.309e+00,-8.00001e-05,0.00042,1.16,8e-05
1.312e+00,-8.00001e-05,0.0003,1.4,8e-05
1.315e+00,-9.53674e-11,0.00046,1.4,-4e-05
1.318e+00,-8.00001e-05,0.0005,1.16,-8e-05
1.322e+00,7.99999e-05,0.00042,1,4e-05
1.325e+00,-8.00001e-05,0.00038,0.76,2.98023e-12
1.328e+00,-9.53674e-11,0.00058,0.6,-4e-05
1.331e+00,-8.00001e-05,0.00066,0.36,-4e-05
1.334e+00,-0.00016,0.00034,0.2,-4e-05
1.338e+00,-9.53674e-11,0.00046,0.04,8e-05
1.341e+00,-9.53674e-11,0.00038,-0.2,0.00016
1.344e+00,-9.53674e-11,0.00042,-0.36,-8e-05
1.347e+00,-0.00016,0.00038,-0.52,4e-05
1.350e+00,-9.53674e-11,0.0003,-0.76,2.98023e-12
1.354e+00,-0.00016,0.0005,-0.92,2.98023e-12
1.357e+00,-8.00001e-05,0.00058,-1.24,-8e-05
1.360e+00,-8.00001e-05,0.0005,-1.4,0.00012
1.363e+00,0.00024,0.00042,-1.56,2.98023e-12
1.366e+00,-0.00016,0.00042,-1.48,2.98023e-12
1.370e+00,-8.00001e-05,0.0003,-1.24,-0.00016
1.373e+00,-9.53674e-11,0.00034,-1.08,0.00012
1.376e+00,-0.00016,0.00054,-0.84,-4e-05
1.379e+00,-9.53674e-11,0.00058,-0.6,-4e-05
1.382e+00,-8.00001e-05,0.00042,-0.44,2.98023e-12
1.386e+00,-0.00024,0.00042,-0.28,2.98023e-12
1.389e+00,-9.53674e-11,0.00046,-0.04,8e-05
1.392e+00,-0.00024,0.0005,0.12,-0.00016
1.395e+00,-8.00001e-05,0.00046,0.36,4e-05
1.398e+00,-8.00001e-05,0.00038,0.52,-0.00012
1.402e+00,-8.00001e-05,0.00042,0.76,0.0002
1.405e+00,-0.00016,0.00046,0.92,2.98023e-12
1.408e+00,-8.00001e-05,0.0003,1.16,0.00012
1.411e+00,-0.00024,0.00054,1.32,4e-05
1.414e+00,-9.53674e-11,0.0005,1.4,-4e-05
1.418e+00,-8.00001e-05,0.00058,1.24,2.98023e-12
1.421e+00,-8.00001e-05,0.00018,1,-4e-05
1.424e+00,-0.00024,0.00038,0.84,-8e-05
1.427e+00,-9.53674e-11,0.00038,0.68,4e-05
1.430e+00,-8.00001e-05,0.00046,0.44,-4e-05
1.434e+00,-0.00016,0.00026,0.28,4e-05
1.437e+00,-9.53674e-11,0.00026,0.04,0.00012
1.440e+00,-0.00016,0.00042,-0.12,0.00012
1.443e+00,-8.00001e-05,0.0005,-0.36,2.98023e-12
1.446e+00,-9.53674e-11,0.00038,-0.52,8e-05
1.450e+00,-8.00001e-05,0.00042,-0.68,0.0002
1.453e+00,-8.00001e-05,0.00034,-0.92,2.98023e-12
1.456e+00,-0.00016,0.00038,-1.16,0.00012
1.459e+00,-9.53674e-11,0.00038,-1.32,8e-05
1.462e+00,7.99999e-05,0.0005,-1.48,2.98023e-12
1.466e+00,-8.00001e-05,0.00034,-1.56,0.00012
1.469e+00,-9.53674e-11,0.0003,-1.24,-4e-05
1.472e+00,-9.53674e-11,0.00046,-1.08,0.0002
1.475e+00,-8.00001e-05,0.00026,-0.92,-8e-05
1.478e+00,-0.00024,0.0005,-0.68,2.98023e-12
1.482e+00,-8.00001e-05,0.00054,-0.44,4e-05
1.485e+00,-9.53674e-11,0.00054,-0.28,4e-05
1.488e+00,-8.00001e-05,0.0005,-0.12,2.98023e-12
1.491e+00,-9.53674e-11,0.00042,0.12,-4e-05
1.494e+00,-0.00024,0.00046,0.28,4e-05
1.498e+00,-8.00001e-05,0.00046,0.52,2.98023e-12
1.501e+00,-8.00001e-05,0.0005,0.68,-0.00012
1.504e+00,-8.00001e-05,0.0003,0.92,0.00012
1.507e+00,-8.00001e-05,0.0005,1.08,4e-05
1.510e+00,-0.00024,0.00046,1.24,4e-05
1.514e+00,-9.53674e-11,0.00046,1.48,2.98023e-12
1.517e+00,-8.00001e-05,0.00038,1.32,2.98023e-12
1.520e+00,-8.00001e-05,0.00038,1.08,-0.00012
1.523e+00,-8.00001e-05,0.00022,0.92,0.00012
1.526e+00,-8.00001e-05,0.00062,0.68,4e-05
1.530e+00,-8.00001e-05,0.00054,0.52,8e-05
1.533e+00,-0.00016,0.00042,0.28,-0.00016
1.536e+00,-8.00001e-05,0.00046,0.12,-4e-05
1.539e+00,-0.00016,0.0005,-0.12,4e-05
1.542e+00,-9.53674e-11,0.0005,-0.28,0.00016
1.546e+00,-9.53674e-11,0.00058,-0.44,-8e-05
1.549e+00,-9.53674e-11,0.0005,-0.68,-8e-05
1.552e+00,-8.00001e-05,0.00034,-0.92,0.00012
1.555e+00,-9.53674e-11,0.00042,-1.08,2.98023e-12
1.558e+00,-9.53674e-11,0.00046,-1.24,-4e-05
1.562e+00,-8.00001e-05,0.00034,-1.48,4e-05
1.565e+00,-9.53674e-11,0.00046,-1.56,8e-05
1.568e+00,-0.00024,0.00042,-1.32,-8e-05
1.571e+00,-0.00016,0.00034,-1.16,0.00012
1.574e+00,-8.00001e-05,0.00038,-1,2.98023e-12
1.578e+00,-8.00001e-05,0.00058,-0.68,4e-05
1.581e+00,-8.00001e-05,0.0005,-0.52,-4e-05
1.584e+00,-9.53674e-11,0.00034,-0.36,2.98023e-12
1.587e+00,-8.00001e-05,0.00026,-0.12,4e-05
1.590e+00,-9.53674e-11,0.00058,0.04,4e-05
1.594e+00,-0.00016,0.00038,0.28,8e-05
1.597e+00,-0.00016,0.00042,0.44,4e-05
1.600e+00,-9.53674e-11,0.00042,0.6,-4e-05
1.603e+00,-0.00016,0.0003,0.84,2.98023e-12
1.606e+00,-0.00016,0.00054,1,0.00012
1.610e+00,-9.53674e-11,0.00054,1.24,-4e-05
1.613e+00,-0.00016,0.00062,1.4,2.98023e-12
1.616e+00,-8.00001e-05,0.00062,1.32,8e-05
1.619e+00,-8.00001e-05,0.00042,1.16,-4e-05
1.622e+00,-0.00024,0.00042,0.92,-8e-05
1.626e+00,-8.00001e-05,0.00054,0.76,2.98023e-12
1.629e+00,-0.00016,0.00034,0.52,4e-05
1.632e+00,-0.00016,0.00038,0.36,8e-05
1.635e+00,-0.00016,0.00034,0.2,4e-05
1.638e+00,-8.00001e-05,0.00034,-0.04,-8e-05
1.642e+00,-9.53674e-11,0.00062,-0.2,-4e-05
1.645e+00,-0.00016,0.00026,-0.44,-0.00016
1.648e+00,7.99999e-05,0.00034,-0.6,4e-05
1.651e+00,-0.00024,0.0003,-0.84,4e-05
1.654e+00,-8.00001e-05,0.00038,-1,0.00016
1.658e+00,-9.53674e-11,0.00034,-1.24,8e-05
1.661e+00,-9.53674e-11,0.00026,-1.4,8e-05
1.664e+00,-0.00016,0.0003,-1.56,8e-05
1.667e+00,-8.00001e-05,0.00038,-1.4,0.00012
1.670e+00,-9.53674e-11,0.00026,-1.16,-4e-05
1.674e+00,-8.00001e-05,0.00058,-1,2.98023e-12
1.677e+00,-8.00001e-05,0.0003,-0.84,-4e-05
1.680e+00,-8.00001e-05,0.00046,-0.6,-8e-05
1.683e+00,-0.00016,0.00038,-0.36,4e-05
1.686e+00,-9.53674e-11,0.00046,-0.2,8e-05
1.690e+00,0.00016,0.00046,-0.04,2.98023e-12
1.693e+00,-0.00016,0.00042,0.2,2.98023e-12
1.696e+00,-8.00001e-05,0.00018,0.36,-8e-05
1.699e+00,-8.00001e-05,0.0005,0.6,-8e-05
1.702e+00,-8.00001e-05,0.00034,0.76,8e-05
1.706e+00,-8.00001e-05,0.00018,1,2.98023e-12
1.709e+00,-0.00016,0.00034,1.16,2.98023e-12
1.712e+00,-8.00001e-05,0.0005,1.32,0.00012
1.715e+00,-8.00001e-05,0.00026,1.4,4e-05
1.718e+00,-9.53674e-11,0.00014,1.16,0.00016
1.722e+00,-8.00001e-05,0.0003,1,8e-05
1.725e+00,-0.00016,0.00022,0.84,8e-05
1.728e+00,-0.00016,0.00034,0.6,2.98023e-12
1.731e+00,-0.00016,0.00026,0.36,4e-05
1.734e+00,-8.00001e-05,0.00034,0.2,0.00012
1.738e+00,-8.00001e-05,0.00034,0.04,-8e-05
1.741e+00,-9.53674e-11,0.00014,-0.2,-4e-05
1.744e+00,-9.53674e-11,0.00038,-0.36,2.98023e-12
1.747e+00,-9.53674e-11,0.00026,-0.6,0.00012
1.750e+00,-8.00001e-05,6e-05,-0.76,-4e-05
1.754e+00,-8.00001e-05,0.0001,-1,2.98023e-12
1.757e+00,-9.53674e-11,0.0001,-1.16,-0.00012
1.760e+00,-8.00001e-05,0.00014,-1.4,-8e-05
1.763e+00,-0.00016,0.0003,-1.56,0.00012
1.766e+00,-8.00001e-05,0.00022,-1.4,-8e-05
1.770e+00,-0.00016,0.00022,-1.24,-8e-05
1.773e+00,-9.53674e-11,0.0001,-1,2.98023e-12
1.776e+00,-0.00016,0.00018,-0.92,0.00012
1.779e+00,-8.00001e-05,0.00014,-0.6,-4e-05
1.782e+00,-8.00001e-05,6e-05,-0.52,4e-05
1.786e+00,-0.00024,0.0001,-0.2,4e-05
1.789e+00,-8.00001e-05,0.0001,-0.04,0.00012
1.792e+00,7.99999e-05,2e-05,0.12,8e-05
1.795e+00,-8.00001e-05,6e-05,0.36,-0.0002
1.798e+00,-9.53674e-11,0.00022,0.52,-4e-05
1.802e+00,-9.53674e-11,0.00014,0.68,0.00012
1.805e+00,-9.53674e-11,2e-05,0.92,4e-05
1.808e+00,-8.00001e-05,0.00018,1.16,2.98023e-12
1.811e+00,-8.00001e-05,2e-05,1.32,-4e-05
1.814e+00,-0.00016,2e-05,1.4,8e-05
1.818e+00,-0.00016,0.00022,1.24,2.98023e-12
1.821e+00,-8.00001e-05,6e-05,1,-8e-05
1.824e+00,-0.00016,0.00022,0.84,0.00012
1.827e+00,-0.00016,0.00018,0.68,8e-05
1.830e+00,-0.00016,6e-05,0.44,2.98023e-12
1.834e+00,-0.00016,0.00014,0.28,-4e-05
1.837e+00,7.99999e-05,0.00018,0.04,4e-05
1.840e+00,-9.53674e-11,0.00018,-0.12,-8e-05
1.843e+00,-8.00001e-05,2e-05,-0.28,-0.00012
1.846e+00,-0.00016,-2e-05,-0.52,-0.00012
1.850e+00,-8.00001e-05,2e-05,-0.68,-8e-05
1.853e+00,-9.53674e-11,2e-05,-0.92,0.00012
1.856e+00,-8.00001e-05,2e-05,-1.16,-4e-05
1.859e+00,-0.00024,-0.0001,-1.32,-8e-05
1.862e+00,-9.53674e-11,0.00014,-1.48,4e-05
1.866e+00,-0.00016,-2e-05,-1.48,-0.00012
1.869e+00,-8.00001e-05,6e-05,-1.24,2.98023e-12
1.872e+00,-8.00001e-05,0.0001,-1.08,2.98023e-12
1.875e+00,-0.00016,0.00018,-0.92,-0.00012
1.878e+00,-8.00001e-05,0.0001,-0.68,-8e-05
1.882e+00,-8.00001e-05,2e-05,-0.52,-4e-05
1.885e+00,-0.00016,0.00014,-0.28,-8e-05
1.888e+00,-0.00024,2e-05,-0.04,0.00012
1.891e+00,-0.00024,2e-05,0.04,-4e-05
1.894e+00,-0.00032,6e-05,0.28,4e-05
1.898e+00,-9.53674e-11,0.00018,0.44,2.98023e-12
1.901e+00,-0.00016,0.00014,0.68,-0.00012
1.904e+00,-8.00001e-05,0.00014,0.84,-4e-05
1.907e+00,-8.00001e-05,-0.00014,1.08,8e-05
1.910e+00,-8.00001e-05,-6e-05,1.24,4e-05
1.914e+00,-8.00001e-05,0.00014,1.4,4e-05
1.917e+00,-8.00001e-05,0.00026,1.32,-4e-05
1.920e+00,-0.00016,0.00018,1.08,2.98023e-12
1.923e+00,-8.00001e-05,-0.0001,0.92,2.98023e-12
1.926e+00,7.99999e-05,0.00022,0.68,8e-05
1.930e+00,-9.53674e-11,2e-05,0.52,0.00012
1.933e+00,-9.53674e-11,0.0001,0.28,-4e-05
1.936e+00,-0.00016,0.00014,0.12,-0.00012
1.939e+00,-9.53674e-11,6e-05,-0.12,-0.00012
1.942e+00,-0.00016,-2e-05,-0.28,4e-05
1.946e+00,-0.00016,0.0001,-0.52,-4e-05
1.949e+00,-0.00016,0.00022,-0.68,-4e-05
1.952e+00,-0.00016,2e-05,-0.84,2.98023e-12
1.955e+00,-0.00024,2e-05,-1.08,-8e-05
1.958e+00,-8.00001e-05,-6e-05,-1.24,-4e-05
1.962e+00,-9.53674e-11,6e-05,-1.48,-4e-05
1.965e+00,-9.53674e-11,6e-05,-1.48,0.00016
1.968e+00,-8.00001e-05,-2e-05,-1.32,-8e-05
1.971e+00,7.99999e-05,2e-05,-1.16,2.98023e-12
1.974e+00,-8.00001e-05,0.00014,-0.92,-8e-05
1.978e+00,-8.00001e-05,0.0001,-0.76,-4e-05
1.981e+00,-9.53674e-11,0.00018,-0.52,4e-05
1.984e+00,-0.00024,6e-05,-0.36,-8e-05
1.987e+00,-8.00001e-05,-2e-05,-0.12,4e-05
1.990e+00,-9.53674e-11,2e-05,0.04,2.98023e-12
1.994e+00,-0.00016,-6e-05,0.2,4e-05
1.997e+00,-0.00016,0.00014,0.44,4e-05
2.000e+00,-0.00016,-0.00014,0.6,-4e-05
2.003e+00,-0.00016,-6e-05,0.84,2.98023e-12
2.006e+00,-8.00001e-05,-0.00022,1,8e-05
2.010e+00,-0.00016,0.0001,1.24,2.98023e-12
2.013e+00,-9.53674e-11,6e-05,1.4,4e-05
2.016e+00,7.99999e-05,-2e-05,1.32,2.98023e-12
2.019e+00,-9.53674e-11,0.00014,1.08,8e-05
2.022e+00,-9.53674e-11,-6e-05,0.92,-0.0002
2.026e+00,-9.53674e-11,6e-05,0.76,-4e-05
2.029e+00,-0.00016,2e-05,0.52,-4e-05
2.032e+00,-0.00016,0.00018,0.36,0.00012
2.035e+00,-8.00001e-05,-0.00014,0.12,-0.00016
2.038e+00,-0.00016,0.00018,-0.04,4e-05
2.042e+00,-9.53674e-11,-6e-05,-0.2,8e-05
2.045e+00,-0.00024,-0.0001,-0.44,-4e-05
2.048e+00,-8.00001e-05,-2e-05,-0.6,2.98023e-12
2.051e+00,-8.00001e-05,2e-05,-0.84,-0.00016
2.054e+00,-8.00001e-05,-2e-05,-1,8e-05
2.058e+00,-8.00001e-05,-2e-05,-1.24,2.98023e-12
2.061e+00,-9.53674e-11,2e-05,-1.4,0.00012
2.064e+00,-8.00001e-05,6e-05,-1.64,-4e-05
2.067e+00,-0.00016,-0.00014,-1.4,2.98023e-12
2.070e+00,-8.00001e-05,-0.00018,-1.24,-4e-05
2.074e+00,-8.00001e-05,2e-05,-1,-4e-05
2.077e+00,-9.53674e-11,2e-05,-0.76,-0.0002
2.080e+00,-0.00016,2e-05,-0.6,-8e-05
2.083e+00,-0.00024,6e-05,-0.36,-4e-05
2.086e+00,-8.00001e-05,6e-05,-0.2,2.98023e-12
2.090e+00,-8.00001e-05,0.00014,-0.04,-4e-05
2.093e+00,-9.53674e-11,0.00018,0.2,-4e-05
2.096e+00,-8.00001e-05,0.0003,0.44,2.98023e-12
2.099e+00,-8.00001e-05,0.00018,0.6,-8e-05
2.102e+00,-8.00001e-05,-0.0001,0.76,-8e-05
2.106e+00,-8.00001e-05,2e-05,1,-8e-05
2.109e+00,-9.53674e-11,0.0001,1.16,-4e-05
2.112e+00,-9.53674e-11,-2e-05,1.32,-8e-05
2.115e+00,-8.00001e-05,-2e-05,1.4,-4e-05
2.118e+00,-8.00001e-05,0.0001,1.16,4e-05
2.122e+00,-0.00024,-0.0001,1,2.98023e-12
2.125e+00,-9.53674e-11,2e-05,0.76,4e-05
2.128e+00,-8.00001e-05,6e-05,0.6,2.98023e-12
2.131e+00,7.99999e-05,0.00014,0.44,2.98023e-12
2.134e+00,-0.00016,-2e-05,0.2,4e-05
2.138e+00,-0.00016,0.0001,0.04,2.98023e-12
2.141e+00,-8.00001e-05,6e-05,-0.2,-0.00016
2.144e+00,-0.00024,2e-05,-0.36,2.98023e-12
2.147e+00,7.99999e-05,6e-05,-0.6,2.98023e-12
2.150e+00,-8.00001e-05,6e-05,-0.76,-8e-05
2.154e+00,-8.00001e-05,-6e-05,-0.92,8e-05
2.157e+00,-8.00001e-05,6e-05,-1.16,2.98023e-12
2.160e+00,-8.00001e-05,-2e-05,-1.32,4e-05
2.163e+00,-0.00016,0.00014,-1.56,-8e-05
2.166e+00,-9.53674e-11,6e-05,-1.4,-8e-05
2.170e+00,-8.00001e-05,-6e-05,-1.24,-8e-05
2.173e+00,-9.53674e-11,-6e-05,-1,2.98023e-12
2.176e+00,-0.00016,-2e-05,-0.84,4e-05
2.179e+00,-9.53674e-11,0.0001,-0.68,4e-05
2.182e+00,-8.00001e-05,2e-05,-0.44,8e-05
2.186e+00,-8.00001e-05,2e-05,-0.2,-4e-05
2.189e+00,7.99999e-05,-0.00014,-0.04,-8e-05
2.192e+00,7.99999e-05,-6e-05,0.12,0.00012
2.195e+00,-9.53674e-11,0.00014,0.36,8e-05
2.198e+00,-9.53674e-11,2e-05,0.52,-4e-05
2.202e+00,-0.00016,2e-05,0.76,4e-05
2.205e+00,-0.00016,6e-05,0.92,0.00012
2.208e+00,-0.00016,6e-05,1.16,8e-05
2.211e+00,-9.53674e-11,0.00018,1.32,4e-05
2.214e+00,-8.00001e-05,0.00018,1.4,-8e-05
2.218e+00,-9.53674e-11,0.0001,1.24,2.98023e-12
2.221e+00,-9.53674e-11,6e-05,1.08,2.98023e-12
2.224e+00,-9.53674e-11,-2e-05,0.84,2.98023e-12
2.227e+00,-8.00001e-05,0.0001,0.6,-4e-05
2.230e+00,-8.00001e-05,-0.00022,0.44,2.98023e-12
2.234e+00,-0.00024,0.00014,0.28,2.98023e-12
2.237e+00,-0.00016,-0.00018,0.04,-4e-05
2.240e+00,-9.53674e-11,-2e-05,-0.12,-4e-05
2.243e+00,-0.00016,0.00018,-0.36,-4e-05
2.246e+00,-9.53674e-11,6e-05,-0.52,-8e-05
2.250e+00,-8.00001e-05,-6e-05,-0.76,-0.00012
2.253e+00,-8.00001e-05,-2e-05,-0.84,4e-05
2.256e+00,-0.00024,6e-05,-1.08,2.98023e-12
2.259e+00,-0.00016,0.00018,-1.32,2.98023e-12
2.262e+00,-9.53674e-11,0.00018,-1.48,0.00012
2.266e+00,-8.00001e-05,-6e-05,-1.48,-8e-05
2.269e+00,-9.53674e-11,0.00022,-1.24,-8e-05
2.272e+00,-0.00024,0.00014,-1.08,4e-05
2.275e+00,-0.00016,2e-05,-0.84,-4e-05
2.278e+00,-0.00016,2e-05,-0.68,2.98023e-12
2.282e+00,-9.53674e-11,2e-05,-0.52,-4e-05
2.285e+00,-0.00016,-0.0001,-0.28,4e-05
2.288e+00,-8.00001e-05,-0.0001,-0.12,0.00012
2.291e+00,-0.00016,2e-05,0.12,0.00012
2.294e+00,-0.00016,0.00014,0.28,-4e-05
2.298e+00,-9.53674e-11,6e-05,0.52,-0.00012
2.301e+00,-8.00001e-05,-0.0001,0.68,-4e-05
2.304e+00,-0.00024,-2e-05,0.84,-4e-05
2.307e+00,-8.00001e-05,-0.00014,1.08,4e-05
2.310e+00,-0.00016,0.00014,1.24,8e-05
2.314e+00,-8.00001e-05,6e-05,1.48,0.00024
2.317e+00,-8.00001e-05,0.00018,1.32,8e-05
2.320e+00,-0.00032,0.00018,1.08,0.00012
2.323e+00,-8.00001e-05,-6e-05,0.92,4e-05
2.326e+00,-8.00001e-05,-2e-05,0.68,2.98023e-12
2.330e+00,-8.00001e-05,-2e-05,0.52,-4e-05
2.333e+00,-8.00001e-05,0.0001,0.28,0.00012
2.336e+00,-0.00016,-6e-05,0.12,4e-05
2.339e+00,0.00016,-2e-05,-0.12,0.00012
2.342e+00,-8.00001e-05,-2e-05,-0.28,0.00016
2.346e+00,-8.00001e-05,0.0003,-0.52,-4e-05
2.349e+00,-0.00016,-0.00018,-0.68,-8e-05
2.352e+00,-0.00016,0.0003,-0.84,2.98023e-12
2.355e+00,-8.00001e-05,-6e-05,-1.08,-4e-05
2.358e+00,-8.00001e-05,0.0001,-1.24,4e-05
2.362e+00,-9.53674e-11,0.0001,-1.48,-4e-05
2.365e+00,-0.00016,0.0001,-1.48,4e-05
2.368e+00,-0.00016,-6e-05,-1.32,-4e-05
2.371e+00,-0.00016,-0.0001,-1.16,2.98023e-12
2.374e+00,-9.53674e-11,-0.00018,-0.92,-8e-05
2.378e+00,-9.53674e-11,0.0001,-0.76,4e-05
2.381e+00,-8.00001e-05,0.00018,-0.52,4e-05
2.384e+00,-0.00016,6e-05,-0.36,2.98023e-12
2.387e+00,-9.53674e-11,-6e-05,-0.12,-0.00012
2.390e+00,7.99999e-05,-6e-05,0.04,8e-05
2.394e+00,-9.53674e-11,-2e-05,0.2,2.98023e-12
2.397e+00,-9.53674e-11,2e-05,0.44,2.98023e-12
2.400e+00,-8.00001e-05,-0.00014,0.6,0.00012
2.403e+00,-0.00016,-2e-05,0.84,4e-05
2.406e+00,-8.00001e-05,0.0001,1.08,2.98023e-12
2.410e+00,-8.00001e-05,0.00022,1.16,2.98023e-12
2.413e+00,-8.00001e-05,6e-05,1.4,4e-05
2.416e+00,-0.00016,2e-05,1.32,0.00016
2.419e+00,-8.00001e-05,0.00018,1.08,-4e-05
2.422e+00,-8.00001e-05,-0.0001,0.92,2.98023e-12
2.426e+00,-9.53674e-11,0.00014,0.76,-8e-05
2.429e+00,-0.00016,2e-05,0.52,-0.00012
2.432e+00,-9.53674e-11,0.0001,0.28,-4e-05
2.435e+00,-8.00001e-05,-0.00018,0.12,8e-05
2.438e+00,-0.00016,-2e-05,-0.04,4e-05
2.442e+00,-9.53674e-11,0.00014,-0.2,-4e-05
2.445e+00,-8.00001e-05,-2e-05,-0.44,8e-05
2.448e+00,-0.00016,0.0001,-0.6,2.98023e-12
2.451e+00,-8.00001e-05,0.0001,-0.84,2.98023e-12
2.454e+00,-8.00001e-05,0.00018,-1,4e-05
2.458e+00,-8.00001e-05,-0.0001,-1.24,-8e-05
2.461e+00,-8.00001e-05,0.0001,-1.4,-0.00016
2.464e+00,-9.53674e-11,0.0001,-1.56,0.00012
2.467e+00,-0.00016,-2e-05,-1.4,-4e-05
2.470e+00,-0.00024,-2e-05,-1.16,4e-05
2.474e+00,-8.00001e-05,0.00014,-1.08,-0.00016
2.477e+00,-0.00016,0.0001,-0.76,8e-05
2.480e+00,-8.00001e-05,-2e-05,-0.6,-8e-05
2.483e+00,-0.00016,6e-05,-0.36,-0.00012
2.486e+00,-8.00001e-05,0.0001,-0.2,4e-05
2.490e+00,-8.00001e-05,-2e-05,0.04,-8e-05
2.493e+00,-8.00001e-05,-2e-05,0.2,0.00016
2.496e+00,-0.00024,0.00014,0.36,2.98023e-12
2.499e+00,-8.00001e-05,6e-05,0.6,4e-05
2.502e+00,-8.00001e-05,0.0001,0.76,2.98023e-12
2.506e+00,-9.53674e-11,-0.0001,0.92,0.00012
2.509e+00,7.99999e-05,2e-05,1.16,4e-05
2.512e+00,7.99999e-05,6e-05,1.4,8e-05
2.515e+00,-0.00016,0.00014,1.4,-8e-05
2.518e+00,-0.00024,0.00014,1.16,-4e-05
2.522e+00,7.99999e-05,0.00014,1,8e-05
2.525e+00,-8.00001e-05,0.00014,0.84,8e-05
2.528e+00,-9.53674e-11,0.0001,0.6,-8e-05
2.531e+00,-0.00016,2e-05,0.36,-8e-05
2.534e+00,-9.53674e-11,0.0001,0.2,0.00012
2.538e+00,-0.00024,6e-05,0.04,-0.00016
2.541e+00,-8.00001e-05,6e-05,-0.2,8e-05
2.544e+00,-8.00001e-05,-2e-05,-0.36,2.98023e-12
2.547e+00,-9.53674e-11,0.00014,-0.52,-4e-05
2.550e+00,-9.53674e-11,-2e-05,-0.76,8e-05
2.554e+00,-8.00001e-05,2e-05,-0.92,4e-05
2.557e+00,-9.53674e-11,-6e-05,-1.16,4e-05
2.560e+00,-0.00016,0.00014,-1.4,-0.00016
2.563e+00,-9.53674e-11,-2e-05,-1.56,2.98023e-12
2.566e+00,-9.53674e-11,-0.00014,-1.4,-8e-05
2.570e+00,-8.00001e-05,-0.00014,-1.24,2.98023e-12
2.573e+00,-9.53674e-11,-6e-05,-1,4e-05
2.576e+00,-0.00016,0.00014,-0.84,-4e-05
2.579e+00,-0.00024,2e-05,-0.68,2.98023e-12
2.582e+00,-9.53674e-11,0.00018,-0.44,4e-05
2.586e+00,-0.00016,2e-05,-0.28,4e-05
2.589e+00,-8.00001e-05,-6e-05,-0.04,-0.00012
2.592e+00,-0.00024,0.0001,0.12,-0.0002
2.595e+00,-9.53674e-11,-6e-05,0.36,8e-05
2.598e+00,-0.00016,0.00014,0.52,-0.00016
2.602e+00,-9.53674e-11,6e-05,0.76,4e-05
2.605e+00,-0.00016,-2e-05,0.92,-4e-05
2.608e+00,-8.00001e-05,0.00014,1.08,-8e-05
2.611e+00,-8.00001e-05,6e-05,1.32,-0.00016
2.614e+00,-0.00016,0.0001,1.48,2.98023e-12
2.618e+00,-8.00001e-05,2e-05,1.24,-0.0002
2.621e+00,-9.53674e-11,-6e-05,1,-4e-05
2.624e+00,7.99999e-05,-0.0001,0.84,8e-05
2.627e+00,-8.00001e-05,-2e-05,0.6,8e-05
2.630e+00,-0.00024,2e-05,0.44,-4e-05
2.634e+00,-0.00016,-6e-05,0.28,2.98023e-12
2.637e+00,-9.53674e-11,6e-05,0.04,4e-05
2.640e+00,-8.00001e-05,-6e-05,-0.12,2.98023e-12
2.643e+00,-9.53674e-11,0.0001,-0.36,-0.00012
2.646e+00,7.99999e-05,-0.00014,-0.52,-4e-05
2.650e+00,-0.00016,-0.00018,-0.68,-0.00012
2.653e+00,0.00016,0.00014,-0.92,-0.00012
2.656e+00,-9.53674e-11,-0.0001,-1.08,-0.00016
2.659e+00,-0.00024,-2e-05,-1.32,-0.00012
2.662e+00,0.00016,6e-05,-1.48,-0.00012
2.666e+00,-9.53674e-11,-2e-05,-1.48,-0.00024
2.669e+00,7.99999e-05,-6e-05,-1.24,2.98023e-12
2.672e+00,-8.00001e-05,0.00014,-1.08,0.00012
2.675e+00,-0.00024,0.00026,-0.92,8e-05
2.678e+00,-8.00001e-05,-2e-05,-0.68,2.98023e-12
2.682e+00,-8.00001e-05,0.00026,-0.52,4e-05
2.685e+00,-8.00001e-05,-0.0001,-0.28,-8e-05
2.688e+00,-8.00001e-05,2e-05,-0.12,-4e-05
2.691e+00,-0.00016,0.00014,0.12,4e-05
2.694e+00,-8.00001e-05,0.00014,0.28,2.98023e-12
2.698e+00,-9.53674e-11,-0.00018,0.52,8e-05
2.701e+00,7.99999e-05,-0.0001,0.68,4e-05
2.704e+00,-0.00032,-2e-05,0.84,4e-05
2.707e+00,-0.00016,2e-05,1.08,-0.00012
2.710e+00,7.99999e-05,0.00014,1.24,-0.00012
2.714e+00,-8.00001e-05,-6e-05,1.48,2.98023e-12
2.717e+00,-8.00001e-05,-2e-05,1.32,2.98023e-12
2.720e+00,-8.00001e-05,2e-05,1.08,4e-05
2.723e+00,-8.00001e-05,-2e-05,0.92,2.98023e-12
2.726e+00,-9.53674e-11,6e-05,0.68,-8e-05
2.730e+00,-8.00001e-05,0.0001,0.52,2.98023e-12
2.733e+00,-8.00001e-05,0.0001,0.36,-0.00016
2.736e+00,-9.53674e-11,-2e-05,0.04,-0.00012
2.739e+00,0.00016,2e-05,-0.12,2.98023e-12
2.742e+00,-9.53674e-11,-2e-05,-0.36,0.00012
2.746e+00,-8.00001e-05,-6e-05,-0.44,-4e-05
2.749e+00,-0.00016,6e-05,-0.68,-4e-05
2.752e+00,-9.53674e-11,-0.00014,-0.84,-0.00012
2.755e+00,-8.00001e-05,-2e-05,-1.08,8e-05
2.758e+00,-8.00001e-05,0.0001,-1.24,-0.00012
2.762e+00,-0.00024,6e-05,-1.48,2.98023e-12
2.765e+00,-0.00016,0.00014,-1.48,0.00012
2.768e+00,-0.00016,2e-05,-1.32,-0.00012
2.771e+00,-8.00001e-05,-6e-05,-1.16,-0.00016
2.774e+00,7.99999e-05,2e-05,-0.92,-8e-05
2.778e+00,-9.53674e-11,2e-05,-0.76,-0.00012
2.781e+00,-0.00016,0.00022,-0.52,-0.00012
2.784e+00,-0.00016,2e-05,-0.28,2.98023e-12
2.787e+00,-9.53674e-11,6e-05,-0.2,-4e-05
2.790e+00,-8.00001e-05,-2e-05,0.04,4e-05
2.794e+00,-8.00001e-05,-2e-05,0.28,-4e-05
2.797e+00,-9.53674e-11,-2e-05,0.44,4e-05
2.800e+00,-8.00001e-05,-6e-05,0.68,-4e-05
2.803e+00,-8.00001e-05,-2e-05,0.84,0.00012
2.806e+00,-8.00001e-05,6e-05,1.08,2.98023e-12
2.810e+00,-0.00016,0.00014,1.24,-0.00016
2.813e+00,-8.00001e-05,0.00014,1.4,-0.00016
2.816e+00,-8.00001e-05,2e-05,1.32,-0.00012
2.819e+00,-8.00001e-05,-0.0001,1.16,-0.00012
2.822e+00,-8.00001e-05,6e-05,0.92,-0.0002
2.826e+00,-9.53674e-11,0.0001,0.76,0.00012
2.829e+00,-9.53674e-11,0.0001,0.52,8e-05
2.832e+00,-8.00001e-05,2e-05,0.36,-4e-05
2.835e+00,-9.53674e-11,-0.0001,0.12,4e-05
2.838e+00,-8.00001e-05,2e-05,-0.04,-8e-05
2.842e+00,-8.00001e-05,6e-05,-0.2,-0.0002
2.845e+00,-0.00016,0.00018,-0.44,-4e-05
2.848e+00,-9.53674e-11,-2e-05,-0.6,-8e-05
2.851e+00,-9.53674e-11,2e-05,-0.84,-4e-05
2.854e+00,-9.53674e-11,0.00014,-1,-4e-05
2.858e+00,-8.00001e-05,-6e-05,-1.16,2.98023e-12
2.861e+00,-8.00001e-05,0.0001,-1.4,-0.00012
2.864e+00,-8.00001e-05,0.0001,-1.56,-8e-05
2.867e+00,-8.00001e-05,-2e-05,-1.32,-8e-05
2.870e+00,-8.00001e-05,-2e-05,-1.16,-0.00012
2.874e+00,-8.00001e-05,2e-05,-1,-8e-05
2.877e+00,-9.53674e-11,-0.0001,-0.76,2.98023e-12
2.880e+00,-8.00001e-05,2e-05,-0.6,-0.00016
2.883e+00,-8.00001e-05,0.0001,-0.36,-8e-05
2.886e+00,-8.00001e-05,2e-05,-0.12,-0.00012
2.890e+00,-8.00001e-05,0.00014,-0.04,8e-05
2.893e+00,-8.00001e-05,2e-05,0.2,4e-05
2.896e+00,-9.53674e-11,0.0001,0.36,2.98023e-12
2.899e+00,-8.00001e-05,0.00018,0.6,-4e-05
2.902e+00,-0.00024,0.0001,0.76,2.98023e-12
2.906e+00,-8.00001e-05,0.0001,1,-4e-05
2.909e+00,-8.00001e-05,0.0001,1.16,8e-05
2.912e+00,-0.00016,2e-05,1.4,-0.00012
2.915e+00,-9.53674e-11,-6e-05,1.4,-0.00012
2.918e+00,-9.53674e-11,6e-05,1.16,-4e-05
2.922e+00,-0.00016,0.00026,1,4e-05
2.925e+00,-8.00001e-05,0.0001,0.84,-4e-05
2.928e+00,-8.00001e-05,0.0001,0.6,-4e-05
2.931e+00,7.99999e-05,6e-05,0.44,0.00012
2.934e+00,7.99999e-05,0.00018,0.2,2.98023e-12
2.938e+00,-8.00001e-05,2e-05,-0.04,-0.00016
2.941e+00,7.99999e-05,6e-05,-0.2,8e-05
2.944e+00,-8.00001e-05,0.00018,-0.36,8e-05
2.947e+00,-0.00016,6e-05,-0.6,-4e-05
2.950e+00,-8.00001e-05,-2e-05,-0.76,-4e-05
2.954e+00,7.99999e-05,-6e-05,-0.92,-4e-05
2.957e+00,-9.53674e-11,-2e-05,-1.16,2.98023e-12
2.960e+00,-0.00016,-6e-05,-1.32,-8e-05
2.963e+00,-8.00001e-05,0.0001,-1.48,4e-05
2.966e+00,7.99999e-05,0.00014,-1.4,4e-05
2.970e+00,-9.53674e-11,0.00018,-1.16,-8e-05
2.973e+00,-8.00001e-05,-0.0001,-1,2.98023e-12
2.976e+00,-9.53674e-11,0.0001,-0.84,-4e-05
2.979e+00,-9.53674e-11,0.0001,-0.6,0.00012
2.982e+00,-9.53674e-11,-2e-05,-0.44,8e-05
2.986e+00,-8.00001e-05,2e-05,-0.2,-4e-05
2.989e+00,-9.53674e-11,-0.00022,-0.04,-4e-05
2.992e+00,-9.53674e-11,6e-05,0.2,-4e-05
2.995e+00,-0.00024,0.0001,0.36,4e-05
2.998e+00,-8.00001e-05,0.00022,0.52,-8e-05
3.002e+00,-9.53674e-11,0.00014,0.68,8e-05
3.005e+00,-9.53674e-11,2e-05,0.92,2.98023e-12
3.008e+00,-0.00016,2e-05,1.16,2.98023e-12
3.011e+00,7.99999e-05,0.00018,1.32,4e-05
3.014e+00,-8.00001e-05,6e-05,1.4,-4e-05
3.018e+00,-8.00001e-05,6e-05,1.24,4e-05
3.021e+00,-8.00001e-05,2e-05,1.08,4e-05
3.024e+00,-9.53674e-11,2e-05,0.84,-0.00012
3.027e+00,7.99999e-05,6e-05,0.68,2.98023e-12
3.030e+00,7.99999e-05,0.0001,0.44,8e-05
3.034e+00,-0.00024,0.00018,0.28,4e-05
3.037e+00,7.99999e-05,0.00014,0.12,4e-05
3.040e+00,-8.00001e-05,-6e-05,-0.12,2.98023e-12
3.043e+00,-9.53674e-11,6e-05,-0.36,0.00012
3.046e+00,-9.53674e-11,6e-05,-0.52,-4e-05
3.050e+00,-0.00016,-2e-05,-0.76,2.98023e-12
3.053e+00,-8.00001e-05,0.00014,-0.92,0.00012
3.056e+00,-8.00001e-05,0.00022,-1.08,8e-05
3.059e+00,-9.53674e-11,2e-05,-1.32,4e-05
3.062e+00,7.99999e-05,-2e-05,-1.48,0.00012
3.066e+00,-0.00016,-6e-05,-1.48,2.98023e-12
3.069e+00,-0.00016,0.0001,-1.24,2.98023e-12
3.072e+00,-8.00001e-05,-6e-05,-1.08,0.00012
3.075e+00,-8.00001e-05,6e-05,-0.92,0.00016
3.078e+00,-9.53674e-11,0.00014,-0.68,0.00012
3.082e+00,-9.53674e-11,0.0001,-0.44,2.98023e-12
3.085e+00,-8.00001e-05,6e-05,-0.28,-4e-05
3.088e+00,-0.00016,6e-05,-0.12,2.98023e-12
3.091e+00,-8.00001e-05,-2e-05,0.12,-0.00012
3.094e+00,-0.00016,6e-05,0.28,2.98023e-12
3.098e+00,-9.53674e-11,0.00022,0.52,0.00012
3.101e+00,-9.53674e-11,0.00014,0.68,-0.00024
3.104e+00,-9.53674e-11,-2e-05,0.92,4e-05
3.107e+00,-9.53674e-11,2e-05,1.08,2.98023e-12
3.110e+00,-9.53674e-11,0.0001,1.32,0.00012
3.114e+00,7.99999e-05,2e-05,1.48,8e-05
3.117e+00,-9.53674e-11,0.00022,1.32,4e-05
3.120e+00,-0.00016,2e-05,1.08,4e-05
3.123e+00,-0.00016,0.0001,0.92,-0.00012
3.126e+00,-0.00016,6e-05,0.68,0.00024
3.130e+00,-8.00001e-05,0.00022,0.44,-8e-05
3.133e+00,-8.00001e-05,2e-05,0.36,4e-05
3.136e+00,-9.53674e-11,6e-05,0.12,4e-05
3.139e+00,-9.53674e-11,2e-05,-0.04,-8e-05
3.142e+00,-0.00016,2e-05,-0.28,8e-05
3.146e+00,-0.00016,2e-05,-0.44,4e-05
3.149e+00,-9.53674e-11,0.00022,-0.68,4e-05
3.152e+00,-0.00024,0.00014,-0.84,2.98023e-12
3.155e+00,-8.00001e-05,0.0001,-1.08,-8e-05
3.158e+00,-8.00001e-05,0.00014,-1.32,4e-05
3.162e+00,-9.53674e-11,0.0003,-1.48,0.00012
3.165e+00,-0.00024,2e-05,-1.48,2.98023e-12
3.168e+00,-0.00016,0.0001,-1.32,8e-05
3.171e+00,-9.53674e-11,0.00018,-1.08,0.00016
3.174e+00,-0.00016,0.00014,-0.92,0.00016
3.178e+00,-8.00001e-05,0.00022,-0.76,0.00016
3.181e+00,0.00016,0.00022,-0.52,4e-05
3.184e+00,-0.00024,0.0001,-0.36,-4e-05
3.187e+00,-8.00001e-05,6e-05,-0.12,2.98023e-12
3.190e+00,-0.00024,6e-05,0.04,-4e-05
3.194e+00,-8.00001e-05,0.00014,0.28,0.00016
3.197e+00,-9.53674e-11,0.00018,0.44,4e-05

